자소서,질문
"20대 초반 진로나 미래에 대한 고민 없이 의미 없는 나날을 보냈습니다. 방학 때 건설현장에서 아르바이트를 하곤 했는데, 소위 말하는 '막노동'이었습니다. 하루는 쉬는 시간에 나이 지긋한 인부 한 분께서 단어장으로 영어 공부 하시는 것을 보게 되었습니다. 궁금증이 생겨 대화를 나눠보니, 최근 영어공부에 푹 빠져 있다고 하셨습니다. 덧붙여 ""목표와 노력 없이 삶은 살아온 본인의 젊음이 너무 아깝다, 배우는 즐거움을 이제 느낀 게 너무 후회된다.""라는 말씀 또한 하셨습니다. 나이에 구애 받지 않고 평생 아쉬움으로 남아있던 공부에 도전하시는 모습을 보고 머리를 강하게 맞은 기분이 들었습니다. 지금까지 진로나 목표를 찾으려는 노력 없이 그저 내키는 대로 살아왔던 저 자신이 부끄럽게 느껴졌고 미래에 대해 진지하게 고민해볼 수 있는 계기가 되었습니다.
당시 제가 바로 도전해볼 수 있던 것은 수능이었기에 수능에 한번 도전해 보자는 마음을 먹게 되었습니다. 곧바로 다니던 학교에 자퇴 원서를 내고 수능을 준비하게 되었습니다. 하지만 공업고등학교를 나왔기에 일반적인 고교과정과 배운 점이 많이 달라 기본기조차 없었기 때문에 시작은 쉽지 않았습니다. 남들에 비해 많은 시간이 필요했기에 배로 노력해야 한다고 생각했고, 후회 없는 선택이 될 수 있도록 밤낮으로 공부한 결과 현재 다니는 학교에 입학할 수 있게 되었습니다.",당신이 공부에 적극적으로 도전하려고 한 이유는 무엇인가요?
"20대 초반 진로나 미래에 대한 고민 없이 의미 없는 나날을 보냈습니다. 방학 때 건설현장에서 아르바이트를 하곤 했는데, 소위 말하는 '막노동'이었습니다. 하루는 쉬는 시간에 나이 지긋한 인부 한 분께서 단어장으로 영어 공부 하시는 것을 보게 되었습니다. 궁금증이 생겨 대화를 나눠보니, 최근 영어공부에 푹 빠져 있다고 하셨습니다. 덧붙여 ""목표와 노력 없이 삶은 살아온 본인의 젊음이 너무 아깝다, 배우는 즐거움을 이제 느낀 게 너무 후회된다.""라는 말씀 또한 하셨습니다. 나이에 구애 받지 않고 평생 아쉬움으로 남아있던 공부에 도전하시는 모습을 보고 머리를 강하게 맞은 기분이 들었습니다. 지금까지 진로나 목표를 찾으려는 노력 없이 그저 내키는 대로 살아왔던 저 자신이 부끄럽게 느껴졌고 미래에 대해 진지하게 고민해볼 수 있는 계기가 되었습니다.
당시 제가 바로 도전해볼 수 있던 것은 수능이었기에 수능에 한번 도전해 보자는 마음을 먹게 되었습니다. 곧바로 다니던 학교에 자퇴 원서를 내고 수능을 준비하게 되었습니다. 하지만 공업고등학교를 나왔기에 일반적인 고교과정과 배운 점이 많이 달라 기본기조차 없었기 때문에 시작은 쉽지 않았습니다. 남들에 비해 많은 시간이 필요했기에 배로 노력해야 한다고 생각했고, 후회 없는 선택이 될 수 있도록 밤낮으로 공부한 결과 현재 다니는 학교에 입학할 수 있게 되었습니다.",수능을 선택한 이유와 자퇴를 결정한 과정을 설명해주세요.
"20대 초반 진로나 미래에 대한 고민 없이 의미 없는 나날을 보냈습니다. 방학 때 건설현장에서 아르바이트를 하곤 했는데, 소위 말하는 '막노동'이었습니다. 하루는 쉬는 시간에 나이 지긋한 인부 한 분께서 단어장으로 영어 공부 하시는 것을 보게 되었습니다. 궁금증이 생겨 대화를 나눠보니, 최근 영어공부에 푹 빠져 있다고 하셨습니다. 덧붙여 ""목표와 노력 없이 삶은 살아온 본인의 젊음이 너무 아깝다, 배우는 즐거움을 이제 느낀 게 너무 후회된다.""라는 말씀 또한 하셨습니다. 나이에 구애 받지 않고 평생 아쉬움으로 남아있던 공부에 도전하시는 모습을 보고 머리를 강하게 맞은 기분이 들었습니다. 지금까지 진로나 목표를 찾으려는 노력 없이 그저 내키는 대로 살아왔던 저 자신이 부끄럽게 느껴졌고 미래에 대해 진지하게 고민해볼 수 있는 계기가 되었습니다.
당시 제가 바로 도전해볼 수 있던 것은 수능이었기에 수능에 한번 도전해 보자는 마음을 먹게 되었습니다. 곧바로 다니던 학교에 자퇴 원서를 내고 수능을 준비하게 되었습니다. 하지만 공업고등학교를 나왔기에 일반적인 고교과정과 배운 점이 많이 달라 기본기조차 없었기 때문에 시작은 쉽지 않았습니다. 남들에 비해 많은 시간이 필요했기에 배로 노력해야 한다고 생각했고, 후회 없는 선택이 될 수 있도록 밤낮으로 공부한 결과 현재 다니는 학교에 입학할 수 있게 되었습니다.",공업고등학교 출신으로서 고교과정의 차이가 느껴졌던 점은 무엇인가요? 어떻게 이겨냈나요?
"20대 초반 진로나 미래에 대한 고민 없이 의미 없는 나날을 보냈습니다. 방학 때 건설현장에서 아르바이트를 하곤 했는데, 소위 말하는 '막노동'이었습니다. 하루는 쉬는 시간에 나이 지긋한 인부 한 분께서 단어장으로 영어 공부 하시는 것을 보게 되었습니다. 궁금증이 생겨 대화를 나눠보니, 최근 영어공부에 푹 빠져 있다고 하셨습니다. 덧붙여 ""목표와 노력 없이 삶은 살아온 본인의 젊음이 너무 아깝다, 배우는 즐거움을 이제 느낀 게 너무 후회된다.""라는 말씀 또한 하셨습니다. 나이에 구애 받지 않고 평생 아쉬움으로 남아있던 공부에 도전하시는 모습을 보고 머리를 강하게 맞은 기분이 들었습니다. 지금까지 진로나 목표를 찾으려는 노력 없이 그저 내키는 대로 살아왔던 저 자신이 부끄럽게 느껴졌고 미래에 대해 진지하게 고민해볼 수 있는 계기가 되었습니다.
당시 제가 바로 도전해볼 수 있던 것은 수능이었기에 수능에 한번 도전해 보자는 마음을 먹게 되었습니다. 곧바로 다니던 학교에 자퇴 원서를 내고 수능을 준비하게 되었습니다. 하지만 공업고등학교를 나왔기에 일반적인 고교과정과 배운 점이 많이 달라 기본기조차 없었기 때문에 시작은 쉽지 않았습니다. 남들에 비해 많은 시간이 필요했기에 배로 노력해야 한다고 생각했고, 후회 없는 선택이 될 수 있도록 밤낮으로 공부한 결과 현재 다니는 학교에 입학할 수 있게 되었습니다.",밤낮으로 공부하는 동안 겪었던 어려움과 극복한 방법은 무엇이었나요?
"20대 초반 진로나 미래에 대한 고민 없이 의미 없는 나날을 보냈습니다. 방학 때 건설현장에서 아르바이트를 하곤 했는데, 소위 말하는 '막노동'이었습니다. 하루는 쉬는 시간에 나이 지긋한 인부 한 분께서 단어장으로 영어 공부 하시는 것을 보게 되었습니다. 궁금증이 생겨 대화를 나눠보니, 최근 영어공부에 푹 빠져 있다고 하셨습니다. 덧붙여 ""목표와 노력 없이 삶은 살아온 본인의 젊음이 너무 아깝다, 배우는 즐거움을 이제 느낀 게 너무 후회된다.""라는 말씀 또한 하셨습니다. 나이에 구애 받지 않고 평생 아쉬움으로 남아있던 공부에 도전하시는 모습을 보고 머리를 강하게 맞은 기분이 들었습니다. 지금까지 진로나 목표를 찾으려는 노력 없이 그저 내키는 대로 살아왔던 저 자신이 부끄럽게 느껴졌고 미래에 대해 진지하게 고민해볼 수 있는 계기가 되었습니다.
당시 제가 바로 도전해볼 수 있던 것은 수능이었기에 수능에 한번 도전해 보자는 마음을 먹게 되었습니다. 곧바로 다니던 학교에 자퇴 원서를 내고 수능을 준비하게 되었습니다. 하지만 공업고등학교를 나왔기에 일반적인 고교과정과 배운 점이 많이 달라 기본기조차 없었기 때문에 시작은 쉽지 않았습니다. 남들에 비해 많은 시간이 필요했기에 배로 노력해야 한다고 생각했고, 후회 없는 선택이 될 수 있도록 밤낮으로 공부한 결과 현재 다니는 학교에 입학할 수 있게 되었습니다.",현재 다니는 학교에 입학하게 된 후에 느끼는 변화와 성취감은 어떤가요?
"20대 초반 진로나 미래에 대한 고민 없이 의미 없는 나날을 보냈습니다. 방학 때 건설현장에서 아르바이트를 하곤 했는데, 소위 말하는 '막노동'이었습니다. 하루는 쉬는 시간에 나이 지긋한 인부 한 분께서 단어장으로 영어 공부 하시는 것을 보게 되었습니다. 궁금증이 생겨 대화를 나눠보니, 최근 영어공부에 푹 빠져 있다고 하셨습니다. 덧붙여 ""목표와 노력 없이 삶은 살아온 본인의 젊음이 너무 아깝다, 배우는 즐거움을 이제 느낀 게 너무 후회된다.""라는 말씀 또한 하셨습니다. 나이에 구애 받지 않고 평생 아쉬움으로 남아있던 공부에 도전하시는 모습을 보고 머리를 강하게 맞은 기분이 들었습니다. 지금까지 진로나 목표를 찾으려는 노력 없이 그저 내키는 대로 살아왔던 저 자신이 부끄럽게 느껴졌고 미래에 대해 진지하게 고민해볼 수 있는 계기가 되었습니다.
당시 제가 바로 도전해볼 수 있던 것은 수능이었기에 수능에 한번 도전해 보자는 마음을 먹게 되었습니다. 곧바로 다니던 학교에 자퇴 원서를 내고 수능을 준비하게 되었습니다. 하지만 공업고등학교를 나왔기에 일반적인 고교과정과 배운 점이 많이 달라 기본기조차 없었기 때문에 시작은 쉽지 않았습니다. 남들에 비해 많은 시간이 필요했기에 배로 노력해야 한다고 생각했고, 후회 없는 선택이 될 수 있도록 밤낮으로 공부한 결과 현재 다니는 학교에 입학할 수 있게 되었습니다.",자신의 경험을 통해 배운 교훈과 가장 큰 성장을 느낀 순간은 무엇인가요?
"20대 초반 진로나 미래에 대한 고민 없이 의미 없는 나날을 보냈습니다. 방학 때 건설현장에서 아르바이트를 하곤 했는데, 소위 말하는 '막노동'이었습니다. 하루는 쉬는 시간에 나이 지긋한 인부 한 분께서 단어장으로 영어 공부 하시는 것을 보게 되었습니다. 궁금증이 생겨 대화를 나눠보니, 최근 영어공부에 푹 빠져 있다고 하셨습니다. 덧붙여 ""목표와 노력 없이 삶은 살아온 본인의 젊음이 너무 아깝다, 배우는 즐거움을 이제 느낀 게 너무 후회된다.""라는 말씀 또한 하셨습니다. 나이에 구애 받지 않고 평생 아쉬움으로 남아있던 공부에 도전하시는 모습을 보고 머리를 강하게 맞은 기분이 들었습니다. 지금까지 진로나 목표를 찾으려는 노력 없이 그저 내키는 대로 살아왔던 저 자신이 부끄럽게 느껴졌고 미래에 대해 진지하게 고민해볼 수 있는 계기가 되었습니다.
당시 제가 바로 도전해볼 수 있던 것은 수능이었기에 수능에 한번 도전해 보자는 마음을 먹게 되었습니다. 곧바로 다니던 학교에 자퇴 원서를 내고 수능을 준비하게 되었습니다. 하지만 공업고등학교를 나왔기에 일반적인 고교과정과 배운 점이 많이 달라 기본기조차 없었기 때문에 시작은 쉽지 않았습니다. 남들에 비해 많은 시간이 필요했기에 배로 노력해야 한다고 생각했고, 후회 없는 선택이 될 수 있도록 밤낮으로 공부한 결과 현재 다니는 학교에 입학할 수 있게 되었습니다.","미래에 대한 목표와 계획을 가지게 된 지금, 어떤 분야에서 더 발전하고 싶은가요?"
"제가 생각하는 석유화학업계의 향후 트렌드는 '친환경'입니다. 정부의 2050 넷제로 선언, 롯데케미칼은 석유화학업계 최초 SAP 기반 GEMS 구축, GREEN PROMISE 2030 선언 등 환경경영을 확대해 나아가는 모습을 보여주고 있습니다. 이러한 상황에 저의 강점, 제가 기여할 점 등을 생산지원-전기 직무와 관련 지어 기술하도록 하겠습니다. 친환경에 앞서 더욱 중요한 점은 전기 엔지니어로서의 기초 지식입니다. 단순히 설비에 대한 지식뿐만 아니라 전체적인 계통에 대한 이해가 필요하다는 생각을 하였습니다. 이를 위해  교육원에서 진행한 '초급 계통운영반' 수업을 수강하며 국내의 전력계통 현황, 전력수급계획, 운영발전계획 수립 등 평소 대략적으로만 알고 있던 부분에 대해 자세하고 확실하게 알 수 있는 계기가 되었습니다.
향후 트렌드 라고 생각하는 친환경 경영에 걸맞는 엔지니어가 되기 위해  온실가스 감축 사업 관리자 양성교육과, 주관한 에너지 신산업 특강 등을 수료함으로써 환경 부분으로도 넓은 시야를 가질 수 있게 되었습니다. 이러한 저의 경험과 지식으로 롯데케미칼이 실천할 환경경영에 있어 제가 수행해야 할 여러 가지 부분(고효율의 설비 도입, 신재생에너지 사용)에 관한 끊임없는 공부와 현장 경험을 통해 최고의 결과를 가져올 수 있도록 노력하겠습니다",왜 석유화학업계에서 친환경 트렌드를 향해 진로를 결정하게 된 것인가요?
"제가 생각하는 석유화학업계의 향후 트렌드는 '친환경'입니다. 정부의 2050 넷제로 선언, 롯데케미칼은 석유화학업계 최초 SAP 기반 GEMS 구축, GREEN PROMISE 2030 선언 등 환경경영을 확대해 나아가는 모습을 보여주고 있습니다. 이러한 상황에 저의 강점, 제가 기여할 점 등을 생산지원-전기 직무와 관련 지어 기술하도록 하겠습니다. 친환경에 앞서 더욱 중요한 점은 전기 엔지니어로서의 기초 지식입니다. 단순히 설비에 대한 지식뿐만 아니라 전체적인 계통에 대한 이해가 필요하다는 생각을 하였습니다. 이를 위해  교육원에서 진행한 '초급 계통운영반' 수업을 수강하며 국내의 전력계통 현황, 전력수급계획, 운영발전계획 수립 등 평소 대략적으로만 알고 있던 부분에 대해 자세하고 확실하게 알 수 있는 계기가 되었습니다.
향후 트렌드 라고 생각하는 친환경 경영에 걸맞는 엔지니어가 되기 위해  온실가스 감축 사업 관리자 양성교육과, 주관한 에너지 신산업 특강 등을 수료함으로써 환경 부분으로도 넓은 시야를 가질 수 있게 되었습니다. 이러한 저의 경험과 지식으로 롯데케미칼이 실천할 환경경영에 있어 제가 수행해야 할 여러 가지 부분(고효율의 설비 도입, 신재생에너지 사용)에 관한 끊임없는 공부와 현장 경험을 통해 최고의 결과를 가져올 수 있도록 노력하겠습니다",롯데케미칼의 'GREEN PROMISE 2030'과 같은 기업들의 친환경 경영에 대해 어떤 인상을 가지고 계신가요?
"제가 생각하는 석유화학업계의 향후 트렌드는 '친환경'입니다. 정부의 2050 넷제로 선언, 롯데케미칼은 석유화학업계 최초 SAP 기반 GEMS 구축, GREEN PROMISE 2030 선언 등 환경경영을 확대해 나아가는 모습을 보여주고 있습니다. 이러한 상황에 저의 강점, 제가 기여할 점 등을 생산지원-전기 직무와 관련 지어 기술하도록 하겠습니다. 친환경에 앞서 더욱 중요한 점은 전기 엔지니어로서의 기초 지식입니다. 단순히 설비에 대한 지식뿐만 아니라 전체적인 계통에 대한 이해가 필요하다는 생각을 하였습니다. 이를 위해  교육원에서 진행한 '초급 계통운영반' 수업을 수강하며 국내의 전력계통 현황, 전력수급계획, 운영발전계획 수립 등 평소 대략적으로만 알고 있던 부분에 대해 자세하고 확실하게 알 수 있는 계기가 되었습니다.
향후 트렌드 라고 생각하는 친환경 경영에 걸맞는 엔지니어가 되기 위해  온실가스 감축 사업 관리자 양성교육과, 주관한 에너지 신산업 특강 등을 수료함으로써 환경 부분으로도 넓은 시야를 가질 수 있게 되었습니다. 이러한 저의 경험과 지식으로 롯데케미칼이 실천할 환경경영에 있어 제가 수행해야 할 여러 가지 부분(고효율의 설비 도입, 신재생에너지 사용)에 관한 끊임없는 공부와 현장 경험을 통해 최고의 결과를 가져올 수 있도록 노력하겠습니다","친환경 경영에 대한 관심을 바탕으로, 생산지원-전기 직무에서 어떤 분야에서 기여하고 싶으신가요?"
"제가 생각하는 석유화학업계의 향후 트렌드는 '친환경'입니다. 정부의 2050 넷제로 선언, 롯데케미칼은 석유화학업계 최초 SAP 기반 GEMS 구축, GREEN PROMISE 2030 선언 등 환경경영을 확대해 나아가는 모습을 보여주고 있습니다. 이러한 상황에 저의 강점, 제가 기여할 점 등을 생산지원-전기 직무와 관련 지어 기술하도록 하겠습니다. 친환경에 앞서 더욱 중요한 점은 전기 엔지니어로서의 기초 지식입니다. 단순히 설비에 대한 지식뿐만 아니라 전체적인 계통에 대한 이해가 필요하다는 생각을 하였습니다. 이를 위해  교육원에서 진행한 '초급 계통운영반' 수업을 수강하며 국내의 전력계통 현황, 전력수급계획, 운영발전계획 수립 등 평소 대략적으로만 알고 있던 부분에 대해 자세하고 확실하게 알 수 있는 계기가 되었습니다.
향후 트렌드 라고 생각하는 친환경 경영에 걸맞는 엔지니어가 되기 위해  온실가스 감축 사업 관리자 양성교육과, 주관한 에너지 신산업 특강 등을 수료함으로써 환경 부분으로도 넓은 시야를 가질 수 있게 되었습니다. 이러한 저의 경험과 지식으로 롯데케미칼이 실천할 환경경영에 있어 제가 수행해야 할 여러 가지 부분(고효율의 설비 도입, 신재생에너지 사용)에 관한 끊임없는 공부와 현장 경험을 통해 최고의 결과를 가져올 수 있도록 노력하겠습니다",'초급 계통운영반' 수업을 통해 얻은 지식과 이해가 전기 엔지니어로서 어떻게 도움이 될 수 있을까요?
"제가 생각하는 석유화학업계의 향후 트렌드는 '친환경'입니다. 정부의 2050 넷제로 선언, 롯데케미칼은 석유화학업계 최초 SAP 기반 GEMS 구축, GREEN PROMISE 2030 선언 등 환경경영을 확대해 나아가는 모습을 보여주고 있습니다. 이러한 상황에 저의 강점, 제가 기여할 점 등을 생산지원-전기 직무와 관련 지어 기술하도록 하겠습니다. 친환경에 앞서 더욱 중요한 점은 전기 엔지니어로서의 기초 지식입니다. 단순히 설비에 대한 지식뿐만 아니라 전체적인 계통에 대한 이해가 필요하다는 생각을 하였습니다. 이를 위해  교육원에서 진행한 '초급 계통운영반' 수업을 수강하며 국내의 전력계통 현황, 전력수급계획, 운영발전계획 수립 등 평소 대략적으로만 알고 있던 부분에 대해 자세하고 확실하게 알 수 있는 계기가 되었습니다.
향후 트렌드 라고 생각하는 친환경 경영에 걸맞는 엔지니어가 되기 위해  온실가스 감축 사업 관리자 양성교육과, 주관한 에너지 신산업 특강 등을 수료함으로써 환경 부분으로도 넓은 시야를 가질 수 있게 되었습니다. 이러한 저의 경험과 지식으로 롯데케미칼이 실천할 환경경영에 있어 제가 수행해야 할 여러 가지 부분(고효율의 설비 도입, 신재생에너지 사용)에 관한 끊임없는 공부와 현장 경험을 통해 최고의 결과를 가져올 수 있도록 노력하겠습니다",온실가스 감축 사업 관리자 양성교육과 에너지 신산업 특강을 수료한 경험으로 어떤 환경 관련 업무에 도움이 될 것으로 생각하시나요?
"제가 생각하는 석유화학업계의 향후 트렌드는 '친환경'입니다. 정부의 2050 넷제로 선언, 롯데케미칼은 석유화학업계 최초 SAP 기반 GEMS 구축, GREEN PROMISE 2030 선언 등 환경경영을 확대해 나아가는 모습을 보여주고 있습니다. 이러한 상황에 저의 강점, 제가 기여할 점 등을 생산지원-전기 직무와 관련 지어 기술하도록 하겠습니다. 친환경에 앞서 더욱 중요한 점은 전기 엔지니어로서의 기초 지식입니다. 단순히 설비에 대한 지식뿐만 아니라 전체적인 계통에 대한 이해가 필요하다는 생각을 하였습니다. 이를 위해  교육원에서 진행한 '초급 계통운영반' 수업을 수강하며 국내의 전력계통 현황, 전력수급계획, 운영발전계획 수립 등 평소 대략적으로만 알고 있던 부분에 대해 자세하고 확실하게 알 수 있는 계기가 되었습니다.
향후 트렌드 라고 생각하는 친환경 경영에 걸맞는 엔지니어가 되기 위해  온실가스 감축 사업 관리자 양성교육과, 주관한 에너지 신산업 특강 등을 수료함으로써 환경 부분으로도 넓은 시야를 가질 수 있게 되었습니다. 이러한 저의 경험과 지식으로 롯데케미칼이 실천할 환경경영에 있어 제가 수행해야 할 여러 가지 부분(고효율의 설비 도입, 신재생에너지 사용)에 관한 끊임없는 공부와 현장 경험을 통해 최고의 결과를 가져올 수 있도록 노력하겠습니다",롯데케미칼이 추구하는 친환경 경영의 목표와 방향성에 대해 어떻게 이해하고 있나요?
"제가 생각하는 석유화학업계의 향후 트렌드는 '친환경'입니다. 정부의 2050 넷제로 선언, 롯데케미칼은 석유화학업계 최초 SAP 기반 GEMS 구축, GREEN PROMISE 2030 선언 등 환경경영을 확대해 나아가는 모습을 보여주고 있습니다. 이러한 상황에 저의 강점, 제가 기여할 점 등을 생산지원-전기 직무와 관련 지어 기술하도록 하겠습니다. 친환경에 앞서 더욱 중요한 점은 전기 엔지니어로서의 기초 지식입니다. 단순히 설비에 대한 지식뿐만 아니라 전체적인 계통에 대한 이해가 필요하다는 생각을 하였습니다. 이를 위해  교육원에서 진행한 '초급 계통운영반' 수업을 수강하며 국내의 전력계통 현황, 전력수급계획, 운영발전계획 수립 등 평소 대략적으로만 알고 있던 부분에 대해 자세하고 확실하게 알 수 있는 계기가 되었습니다.
향후 트렌드 라고 생각하는 친환경 경영에 걸맞는 엔지니어가 되기 위해  온실가스 감축 사업 관리자 양성교육과, 주관한 에너지 신산업 특강 등을 수료함으로써 환경 부분으로도 넓은 시야를 가질 수 있게 되었습니다. 이러한 저의 경험과 지식으로 롯데케미칼이 실천할 환경경영에 있어 제가 수행해야 할 여러 가지 부분(고효율의 설비 도입, 신재생에너지 사용)에 관한 끊임없는 공부와 현장 경험을 통해 최고의 결과를 가져올 수 있도록 노력하겠습니다",고효율의 설비 도입과 신재생에너지 사용에 대해 어떤 노력과 계획을 가지고 있나요? 자세히 설명해주세요.
"제가 생각하는 석유화학업계의 향후 트렌드는 '친환경'입니다. 정부의 2050 넷제로 선언, 롯데케미칼은 석유화학업계 최초 SAP 기반 GEMS 구축, GREEN PROMISE 2030 선언 등 환경경영을 확대해 나아가는 모습을 보여주고 있습니다. 이러한 상황에 저의 강점, 제가 기여할 점 등을 생산지원-전기 직무와 관련 지어 기술하도록 하겠습니다. 친환경에 앞서 더욱 중요한 점은 전기 엔지니어로서의 기초 지식입니다. 단순히 설비에 대한 지식뿐만 아니라 전체적인 계통에 대한 이해가 필요하다는 생각을 하였습니다. 이를 위해  교육원에서 진행한 '초급 계통운영반' 수업을 수강하며 국내의 전력계통 현황, 전력수급계획, 운영발전계획 수립 등 평소 대략적으로만 알고 있던 부분에 대해 자세하고 확실하게 알 수 있는 계기가 되었습니다.
향후 트렌드 라고 생각하는 친환경 경영에 걸맞는 엔지니어가 되기 위해  온실가스 감축 사업 관리자 양성교육과, 주관한 에너지 신산업 특강 등을 수료함으로써 환경 부분으로도 넓은 시야를 가질 수 있게 되었습니다. 이러한 저의 경험과 지식으로 롯데케미칼이 실천할 환경경영에 있어 제가 수행해야 할 여러 가지 부분(고효율의 설비 도입, 신재생에너지 사용)에 관한 끊임없는 공부와 현장 경험을 통해 최고의 결과를 가져올 수 있도록 노력하겠습니다",현장 경험이 중요한 생산지원-전기 직무에서 어떻게 실질적인 기술과 경험을 쌓을 계획인가요?
"제가 생각하는 석유화학업계의 향후 트렌드는 '친환경'입니다. 정부의 2050 넷제로 선언, 롯데케미칼은 석유화학업계 최초 SAP 기반 GEMS 구축, GREEN PROMISE 2030 선언 등 환경경영을 확대해 나아가는 모습을 보여주고 있습니다. 이러한 상황에 저의 강점, 제가 기여할 점 등을 생산지원-전기 직무와 관련 지어 기술하도록 하겠습니다. 친환경에 앞서 더욱 중요한 점은 전기 엔지니어로서의 기초 지식입니다. 단순히 설비에 대한 지식뿐만 아니라 전체적인 계통에 대한 이해가 필요하다는 생각을 하였습니다. 이를 위해  교육원에서 진행한 '초급 계통운영반' 수업을 수강하며 국내의 전력계통 현황, 전력수급계획, 운영발전계획 수립 등 평소 대략적으로만 알고 있던 부분에 대해 자세하고 확실하게 알 수 있는 계기가 되었습니다.
향후 트렌드 라고 생각하는 친환경 경영에 걸맞는 엔지니어가 되기 위해  온실가스 감축 사업 관리자 양성교육과, 주관한 에너지 신산업 특강 등을 수료함으로써 환경 부분으로도 넓은 시야를 가질 수 있게 되었습니다. 이러한 저의 경험과 지식으로 롯데케미칼이 실천할 환경경영에 있어 제가 수행해야 할 여러 가지 부분(고효율의 설비 도입, 신재생에너지 사용)에 관한 끊임없는 공부와 현장 경험을 통해 최고의 결과를 가져올 수 있도록 노력하겠습니다",롯데케미칼의 친환경 경영에 대한 비전을 이루기 위해 개인적으로 중요하다고 생각하는 가치나 원칙이 있나요?
"제가 생각하는 석유화학업계의 향후 트렌드는 '친환경'입니다. 정부의 2050 넷제로 선언, 롯데케미칼은 석유화학업계 최초 SAP 기반 GEMS 구축, GREEN PROMISE 2030 선언 등 환경경영을 확대해 나아가는 모습을 보여주고 있습니다. 이러한 상황에 저의 강점, 제가 기여할 점 등을 생산지원-전기 직무와 관련 지어 기술하도록 하겠습니다. 친환경에 앞서 더욱 중요한 점은 전기 엔지니어로서의 기초 지식입니다. 단순히 설비에 대한 지식뿐만 아니라 전체적인 계통에 대한 이해가 필요하다는 생각을 하였습니다. 이를 위해  교육원에서 진행한 '초급 계통운영반' 수업을 수강하며 국내의 전력계통 현황, 전력수급계획, 운영발전계획 수립 등 평소 대략적으로만 알고 있던 부분에 대해 자세하고 확실하게 알 수 있는 계기가 되었습니다.
향후 트렌드 라고 생각하는 친환경 경영에 걸맞는 엔지니어가 되기 위해  온실가스 감축 사업 관리자 양성교육과, 주관한 에너지 신산업 특강 등을 수료함으로써 환경 부분으로도 넓은 시야를 가질 수 있게 되었습니다. 이러한 저의 경험과 지식으로 롯데케미칼이 실천할 환경경영에 있어 제가 수행해야 할 여러 가지 부분(고효율의 설비 도입, 신재생에너지 사용)에 관한 끊임없는 공부와 현장 경험을 통해 최고의 결과를 가져올 수 있도록 노력하겠습니다","앞으로의 진로에 대해 어떤 목표와 비전을 가지고 있으며, 롯데케미칼과 함께 친환경 엔지니어로서의 경력을 어떻게 그려나가고 싶은가요?"
"저는 정확한 개인 및 기업 신용분석을 바탕으로 SGI 서울보증이 많은 기업인들로부터 더 많은 신뢰와 믿음을 얻을 수 있도록 기여하기 위해 지원했습니다. 최근 세계 경기 침체의 가능성과 긴축정책, 인플레이션으로 인한 공급 사이드의 부정적 영향으로 개인 및 기업들이 활력을 잃어가고 있습니다. 또한 경기 침체의 우려로 시중은행들은 리스크 관리를 하기 위해 재정건정성이 부실하고 담보가 없는 영세 소상공인이나 중소기업들에게 대출을 하지 않아서 큰 우려가 되고 있습니다.
따라서 저는 재무적 요소와 비재무적 요소를 종합적으로 고려하고 분석하여 미래 계획이 확고하며 채무 상환 의지가 구체적으로 있는 개인 또는 기업들에게 알맞은 보증을 해서 그들이 사업이나 경영을 하는 데 큰 어려움을 느끼지 않도록 하는 것이 단기적 목표입니다. 장기적으로 저의 적절한 개인 및 기업의 신용분석으로 기업들의 활력들을 되찾아 기업들로부터 SGI 서울보증이 더 많은 신뢰와 믿음을 얻을 수 있게 기여하는 것입니다.",SGI 서울보증에서 신용분석을 맡기로 결정한 동기와 이유는 무엇인가요?
"저는 정확한 개인 및 기업 신용분석을 바탕으로 SGI 서울보증이 많은 기업인들로부터 더 많은 신뢰와 믿음을 얻을 수 있도록 기여하기 위해 지원했습니다. 최근 세계 경기 침체의 가능성과 긴축정책, 인플레이션으로 인한 공급 사이드의 부정적 영향으로 개인 및 기업들이 활력을 잃어가고 있습니다. 또한 경기 침체의 우려로 시중은행들은 리스크 관리를 하기 위해 재정건정성이 부실하고 담보가 없는 영세 소상공인이나 중소기업들에게 대출을 하지 않아서 큰 우려가 되고 있습니다.
따라서 저는 재무적 요소와 비재무적 요소를 종합적으로 고려하고 분석하여 미래 계획이 확고하며 채무 상환 의지가 구체적으로 있는 개인 또는 기업들에게 알맞은 보증을 해서 그들이 사업이나 경영을 하는 데 큰 어려움을 느끼지 않도록 하는 것이 단기적 목표입니다. 장기적으로 저의 적절한 개인 및 기업의 신용분석으로 기업들의 활력들을 되찾아 기업들로부터 SGI 서울보증이 더 많은 신뢰와 믿음을 얻을 수 있게 기여하는 것입니다.",경기 침체와 긴축정책 등의 불확실한 경제 상황에서 개인과 기업들이 직면한 문제들에 대해 어떤 관심과 인식을 가지고 있나요?
"저는 정확한 개인 및 기업 신용분석을 바탕으로 SGI 서울보증이 많은 기업인들로부터 더 많은 신뢰와 믿음을 얻을 수 있도록 기여하기 위해 지원했습니다. 최근 세계 경기 침체의 가능성과 긴축정책, 인플레이션으로 인한 공급 사이드의 부정적 영향으로 개인 및 기업들이 활력을 잃어가고 있습니다. 또한 경기 침체의 우려로 시중은행들은 리스크 관리를 하기 위해 재정건정성이 부실하고 담보가 없는 영세 소상공인이나 중소기업들에게 대출을 하지 않아서 큰 우려가 되고 있습니다.
따라서 저는 재무적 요소와 비재무적 요소를 종합적으로 고려하고 분석하여 미래 계획이 확고하며 채무 상환 의지가 구체적으로 있는 개인 또는 기업들에게 알맞은 보증을 해서 그들이 사업이나 경영을 하는 데 큰 어려움을 느끼지 않도록 하는 것이 단기적 목표입니다. 장기적으로 저의 적절한 개인 및 기업의 신용분석으로 기업들의 활력들을 되찾아 기업들로부터 SGI 서울보증이 더 많은 신뢰와 믿음을 얻을 수 있게 기여하는 것입니다.",재무적 요소와 비재무적 요소를 종합적으로 고려하여 개인과 기업의 신용분석을 수행하는 것이 왜 중요하다고 생각하시나요?
"저는 정확한 개인 및 기업 신용분석을 바탕으로 SGI 서울보증이 많은 기업인들로부터 더 많은 신뢰와 믿음을 얻을 수 있도록 기여하기 위해 지원했습니다. 최근 세계 경기 침체의 가능성과 긴축정책, 인플레이션으로 인한 공급 사이드의 부정적 영향으로 개인 및 기업들이 활력을 잃어가고 있습니다. 또한 경기 침체의 우려로 시중은행들은 리스크 관리를 하기 위해 재정건정성이 부실하고 담보가 없는 영세 소상공인이나 중소기업들에게 대출을 하지 않아서 큰 우려가 되고 있습니다.
따라서 저는 재무적 요소와 비재무적 요소를 종합적으로 고려하고 분석하여 미래 계획이 확고하며 채무 상환 의지가 구체적으로 있는 개인 또는 기업들에게 알맞은 보증을 해서 그들이 사업이나 경영을 하는 데 큰 어려움을 느끼지 않도록 하는 것이 단기적 목표입니다. 장기적으로 저의 적절한 개인 및 기업의 신용분석으로 기업들의 활력들을 되찾아 기업들로부터 SGI 서울보증이 더 많은 신뢰와 믿음을 얻을 수 있게 기여하는 것입니다.",어떤 방법과 접근 방식으로 개인과 기업들의 미래 계획과 채무 상환 의지를 평가하고 분석하시나요?
"저는 정확한 개인 및 기업 신용분석을 바탕으로 SGI 서울보증이 많은 기업인들로부터 더 많은 신뢰와 믿음을 얻을 수 있도록 기여하기 위해 지원했습니다. 최근 세계 경기 침체의 가능성과 긴축정책, 인플레이션으로 인한 공급 사이드의 부정적 영향으로 개인 및 기업들이 활력을 잃어가고 있습니다. 또한 경기 침체의 우려로 시중은행들은 리스크 관리를 하기 위해 재정건정성이 부실하고 담보가 없는 영세 소상공인이나 중소기업들에게 대출을 하지 않아서 큰 우려가 되고 있습니다.
따라서 저는 재무적 요소와 비재무적 요소를 종합적으로 고려하고 분석하여 미래 계획이 확고하며 채무 상환 의지가 구체적으로 있는 개인 또는 기업들에게 알맞은 보증을 해서 그들이 사업이나 경영을 하는 데 큰 어려움을 느끼지 않도록 하는 것이 단기적 목표입니다. 장기적으로 저의 적절한 개인 및 기업의 신용분석으로 기업들의 활력들을 되찾아 기업들로부터 SGI 서울보증이 더 많은 신뢰와 믿음을 얻을 수 있게 기여하는 것입니다.",개인과 기업들에게 알맞은 보증을 제공함으로써 어떤 혜택과 결과를 기대하고 있으신가요? 이에 따른 성공 사례를 언급해볼 수 있을까요?
"저는 정확한 개인 및 기업 신용분석을 바탕으로 SGI 서울보증이 많은 기업인들로부터 더 많은 신뢰와 믿음을 얻을 수 있도록 기여하기 위해 지원했습니다. 최근 세계 경기 침체의 가능성과 긴축정책, 인플레이션으로 인한 공급 사이드의 부정적 영향으로 개인 및 기업들이 활력을 잃어가고 있습니다. 또한 경기 침체의 우려로 시중은행들은 리스크 관리를 하기 위해 재정건정성이 부실하고 담보가 없는 영세 소상공인이나 중소기업들에게 대출을 하지 않아서 큰 우려가 되고 있습니다.
따라서 저는 재무적 요소와 비재무적 요소를 종합적으로 고려하고 분석하여 미래 계획이 확고하며 채무 상환 의지가 구체적으로 있는 개인 또는 기업들에게 알맞은 보증을 해서 그들이 사업이나 경영을 하는 데 큰 어려움을 느끼지 않도록 하는 것이 단기적 목표입니다. 장기적으로 저의 적절한 개인 및 기업의 신용분석으로 기업들의 활력들을 되찾아 기업들로부터 SGI 서울보증이 더 많은 신뢰와 믿음을 얻을 수 있게 기여하는 것입니다.",SGI 서울보증이 기업들로부터 더 많은 신뢰와 믿음을 얻기 위한 구체적인 전략과 방법을 어떻게 계획하고 있나요?
"저는 정확한 개인 및 기업 신용분석을 바탕으로 SGI 서울보증이 많은 기업인들로부터 더 많은 신뢰와 믿음을 얻을 수 있도록 기여하기 위해 지원했습니다. 최근 세계 경기 침체의 가능성과 긴축정책, 인플레이션으로 인한 공급 사이드의 부정적 영향으로 개인 및 기업들이 활력을 잃어가고 있습니다. 또한 경기 침체의 우려로 시중은행들은 리스크 관리를 하기 위해 재정건정성이 부실하고 담보가 없는 영세 소상공인이나 중소기업들에게 대출을 하지 않아서 큰 우려가 되고 있습니다.
따라서 저는 재무적 요소와 비재무적 요소를 종합적으로 고려하고 분석하여 미래 계획이 확고하며 채무 상환 의지가 구체적으로 있는 개인 또는 기업들에게 알맞은 보증을 해서 그들이 사업이나 경영을 하는 데 큰 어려움을 느끼지 않도록 하는 것이 단기적 목표입니다. 장기적으로 저의 적절한 개인 및 기업의 신용분석으로 기업들의 활력들을 되찾아 기업들로부터 SGI 서울보증이 더 많은 신뢰와 믿음을 얻을 수 있게 기여하는 것입니다.",개인과 기업들에게 신용분석 결과를 어떻게 전달하고 설명하시나요? 정보 제공과 의사 소통에 주의하시는 점은 무엇인가요?
"저는 정확한 개인 및 기업 신용분석을 바탕으로 SGI 서울보증이 많은 기업인들로부터 더 많은 신뢰와 믿음을 얻을 수 있도록 기여하기 위해 지원했습니다. 최근 세계 경기 침체의 가능성과 긴축정책, 인플레이션으로 인한 공급 사이드의 부정적 영향으로 개인 및 기업들이 활력을 잃어가고 있습니다. 또한 경기 침체의 우려로 시중은행들은 리스크 관리를 하기 위해 재정건정성이 부실하고 담보가 없는 영세 소상공인이나 중소기업들에게 대출을 하지 않아서 큰 우려가 되고 있습니다.
따라서 저는 재무적 요소와 비재무적 요소를 종합적으로 고려하고 분석하여 미래 계획이 확고하며 채무 상환 의지가 구체적으로 있는 개인 또는 기업들에게 알맞은 보증을 해서 그들이 사업이나 경영을 하는 데 큰 어려움을 느끼지 않도록 하는 것이 단기적 목표입니다. 장기적으로 저의 적절한 개인 및 기업의 신용분석으로 기업들의 활력들을 되찾아 기업들로부터 SGI 서울보증이 더 많은 신뢰와 믿음을 얻을 수 있게 기여하는 것입니다.",단기적 목표인 개인 및 기업들의 사업이나 경영에 대한 어려움을 덜어주기 위한 구체적인 계획과 도전에 대해 이야기해보세요.
"저는 정확한 개인 및 기업 신용분석을 바탕으로 SGI 서울보증이 많은 기업인들로부터 더 많은 신뢰와 믿음을 얻을 수 있도록 기여하기 위해 지원했습니다. 최근 세계 경기 침체의 가능성과 긴축정책, 인플레이션으로 인한 공급 사이드의 부정적 영향으로 개인 및 기업들이 활력을 잃어가고 있습니다. 또한 경기 침체의 우려로 시중은행들은 리스크 관리를 하기 위해 재정건정성이 부실하고 담보가 없는 영세 소상공인이나 중소기업들에게 대출을 하지 않아서 큰 우려가 되고 있습니다.
따라서 저는 재무적 요소와 비재무적 요소를 종합적으로 고려하고 분석하여 미래 계획이 확고하며 채무 상환 의지가 구체적으로 있는 개인 또는 기업들에게 알맞은 보증을 해서 그들이 사업이나 경영을 하는 데 큰 어려움을 느끼지 않도록 하는 것이 단기적 목표입니다. 장기적으로 저의 적절한 개인 및 기업의 신용분석으로 기업들의 활력들을 되찾아 기업들로부터 SGI 서울보증이 더 많은 신뢰와 믿음을 얻을 수 있게 기여하는 것입니다.",장기적 목표로서 SGI 서울보증이 기업들로부터 더 많은 신뢰와 믿음을 얻을 수 있도록 기여하는 것을 이루기 위해 어떤 노력과 역량을 발휘하고 있나요?
"저는 정확한 개인 및 기업 신용분석을 바탕으로 SGI 서울보증이 많은 기업인들로부터 더 많은 신뢰와 믿음을 얻을 수 있도록 기여하기 위해 지원했습니다. 최근 세계 경기 침체의 가능성과 긴축정책, 인플레이션으로 인한 공급 사이드의 부정적 영향으로 개인 및 기업들이 활력을 잃어가고 있습니다. 또한 경기 침체의 우려로 시중은행들은 리스크 관리를 하기 위해 재정건정성이 부실하고 담보가 없는 영세 소상공인이나 중소기업들에게 대출을 하지 않아서 큰 우려가 되고 있습니다.
따라서 저는 재무적 요소와 비재무적 요소를 종합적으로 고려하고 분석하여 미래 계획이 확고하며 채무 상환 의지가 구체적으로 있는 개인 또는 기업들에게 알맞은 보증을 해서 그들이 사업이나 경영을 하는 데 큰 어려움을 느끼지 않도록 하는 것이 단기적 목표입니다. 장기적으로 저의 적절한 개인 및 기업의 신용분석으로 기업들의 활력들을 되찾아 기업들로부터 SGI 서울보증이 더 많은 신뢰와 믿음을 얻을 수 있게 기여하는 것입니다.",당신의 신용분석 업무에서 중요하다고 생각하는 가치나 윤리에 대해 이야기해주세요. 이를 어떻게 실천하고 반영하고 있나요?
"저는 고등학교 농구 대회 연습 도중 어려움을 느꼈지만 극복한 경험이 있습니다. 제가 속한 농구부는 학교 대표로 시 대회에 참가했습니다. 시 대회를 위해 학교에서 연습 경기를 하며 팀워크를 다지고 있었는데 제가 다른 팀원들보다 실력이 뒤처져서 경기 도중 실수를 많이 했습니다. 많은 실수가 누적되면서 심리적으로 위축되었고 팀원들과의 신뢰가 많이 훼손되어 어려움을 느꼈습니다. 이러한 문제 상황에서 제가 소극적으로 행동하면 팀 전체에 큰 피해를 끼친다고 생각해서 먼저 적극적으로 팀원들에게 도움을 요청했고 팀원들이 저에게 바라는 역할이 무엇인지 질문을 했습니다. 팀원들이 저에게 해준 조언을 바탕으로 개인 연습과 팀 연습을 했습니다. 덕분에 연습 경기에서 실수를 많이 줄일 수 있어서 자신감이 생겼고 무엇보다도 팀원들과 신뢰와 유대관계가 형성되었습니다.
아쉽게 저희는 우승을 하지 못했지만 저는 벤치 멤버로서 실수하지 않고 득점을 하고 팀원을 도울 수 있어서 뿌듯함을 느꼈고 발전했다고 생각했습니다.",농구 대회 연습 도중에 겪은 어려움과 실수들이 미치는 영향에 대해 어떤 생각을 하셨나요?
"저는 고등학교 농구 대회 연습 도중 어려움을 느꼈지만 극복한 경험이 있습니다. 제가 속한 농구부는 학교 대표로 시 대회에 참가했습니다. 시 대회를 위해 학교에서 연습 경기를 하며 팀워크를 다지고 있었는데 제가 다른 팀원들보다 실력이 뒤처져서 경기 도중 실수를 많이 했습니다. 많은 실수가 누적되면서 심리적으로 위축되었고 팀원들과의 신뢰가 많이 훼손되어 어려움을 느꼈습니다. 이러한 문제 상황에서 제가 소극적으로 행동하면 팀 전체에 큰 피해를 끼친다고 생각해서 먼저 적극적으로 팀원들에게 도움을 요청했고 팀원들이 저에게 바라는 역할이 무엇인지 질문을 했습니다. 팀원들이 저에게 해준 조언을 바탕으로 개인 연습과 팀 연습을 했습니다. 덕분에 연습 경기에서 실수를 많이 줄일 수 있어서 자신감이 생겼고 무엇보다도 팀원들과 신뢰와 유대관계가 형성되었습니다.
아쉽게 저희는 우승을 하지 못했지만 저는 벤치 멤버로서 실수하지 않고 득점을 하고 팀원을 도울 수 있어서 뿌듯함을 느꼈고 발전했다고 생각했습니다.",실수와 심리적인 위축 상태로부터 벗어나기 위해 어떤 방법과 전략을 사용하셨나요?
"저는 고등학교 농구 대회 연습 도중 어려움을 느꼈지만 극복한 경험이 있습니다. 제가 속한 농구부는 학교 대표로 시 대회에 참가했습니다. 시 대회를 위해 학교에서 연습 경기를 하며 팀워크를 다지고 있었는데 제가 다른 팀원들보다 실력이 뒤처져서 경기 도중 실수를 많이 했습니다. 많은 실수가 누적되면서 심리적으로 위축되었고 팀원들과의 신뢰가 많이 훼손되어 어려움을 느꼈습니다. 이러한 문제 상황에서 제가 소극적으로 행동하면 팀 전체에 큰 피해를 끼친다고 생각해서 먼저 적극적으로 팀원들에게 도움을 요청했고 팀원들이 저에게 바라는 역할이 무엇인지 질문을 했습니다. 팀원들이 저에게 해준 조언을 바탕으로 개인 연습과 팀 연습을 했습니다. 덕분에 연습 경기에서 실수를 많이 줄일 수 있어서 자신감이 생겼고 무엇보다도 팀원들과 신뢰와 유대관계가 형성되었습니다.
아쉽게 저희는 우승을 하지 못했지만 저는 벤치 멤버로서 실수하지 않고 득점을 하고 팀원을 도울 수 있어서 뿌듯함을 느꼈고 발전했다고 생각했습니다.",팀 전체에 큰 피해를 끼치지 않기 위해 어떤 자세를 취하고 어떤 노력을 하셨나요?
"저는 고등학교 농구 대회 연습 도중 어려움을 느꼈지만 극복한 경험이 있습니다. 제가 속한 농구부는 학교 대표로 시 대회에 참가했습니다. 시 대회를 위해 학교에서 연습 경기를 하며 팀워크를 다지고 있었는데 제가 다른 팀원들보다 실력이 뒤처져서 경기 도중 실수를 많이 했습니다. 많은 실수가 누적되면서 심리적으로 위축되었고 팀원들과의 신뢰가 많이 훼손되어 어려움을 느꼈습니다. 이러한 문제 상황에서 제가 소극적으로 행동하면 팀 전체에 큰 피해를 끼친다고 생각해서 먼저 적극적으로 팀원들에게 도움을 요청했고 팀원들이 저에게 바라는 역할이 무엇인지 질문을 했습니다. 팀원들이 저에게 해준 조언을 바탕으로 개인 연습과 팀 연습을 했습니다. 덕분에 연습 경기에서 실수를 많이 줄일 수 있어서 자신감이 생겼고 무엇보다도 팀원들과 신뢰와 유대관계가 형성되었습니다.
아쉽게 저희는 우승을 하지 못했지만 저는 벤치 멤버로서 실수하지 않고 득점을 하고 팀원을 도울 수 있어서 뿌듯함을 느꼈고 발전했다고 생각했습니다.","팀원들과의 신뢰와 유대관계를 형성하기 위해 어떤 방법을 사용했고, 그 과정에서 어떤 변화가 있었나요?"
"저는 고등학교 농구 대회 연습 도중 어려움을 느꼈지만 극복한 경험이 있습니다. 제가 속한 농구부는 학교 대표로 시 대회에 참가했습니다. 시 대회를 위해 학교에서 연습 경기를 하며 팀워크를 다지고 있었는데 제가 다른 팀원들보다 실력이 뒤처져서 경기 도중 실수를 많이 했습니다. 많은 실수가 누적되면서 심리적으로 위축되었고 팀원들과의 신뢰가 많이 훼손되어 어려움을 느꼈습니다. 이러한 문제 상황에서 제가 소극적으로 행동하면 팀 전체에 큰 피해를 끼친다고 생각해서 먼저 적극적으로 팀원들에게 도움을 요청했고 팀원들이 저에게 바라는 역할이 무엇인지 질문을 했습니다. 팀원들이 저에게 해준 조언을 바탕으로 개인 연습과 팀 연습을 했습니다. 덕분에 연습 경기에서 실수를 많이 줄일 수 있어서 자신감이 생겼고 무엇보다도 팀원들과 신뢰와 유대관계가 형성되었습니다.
아쉽게 저희는 우승을 하지 못했지만 저는 벤치 멤버로서 실수하지 않고 득점을 하고 팀원을 도울 수 있어서 뿌듯함을 느꼈고 발전했다고 생각했습니다.","농구 대회에서 우승하지 못했지만, 개인적으로 당신이 뿌듯하게 느낀 경험과 성취가 무엇인가요?"
"저는 고등학교 농구 대회 연습 도중 어려움을 느꼈지만 극복한 경험이 있습니다. 제가 속한 농구부는 학교 대표로 시 대회에 참가했습니다. 시 대회를 위해 학교에서 연습 경기를 하며 팀워크를 다지고 있었는데 제가 다른 팀원들보다 실력이 뒤처져서 경기 도중 실수를 많이 했습니다. 많은 실수가 누적되면서 심리적으로 위축되었고 팀원들과의 신뢰가 많이 훼손되어 어려움을 느꼈습니다. 이러한 문제 상황에서 제가 소극적으로 행동하면 팀 전체에 큰 피해를 끼친다고 생각해서 먼저 적극적으로 팀원들에게 도움을 요청했고 팀원들이 저에게 바라는 역할이 무엇인지 질문을 했습니다. 팀원들이 저에게 해준 조언을 바탕으로 개인 연습과 팀 연습을 했습니다. 덕분에 연습 경기에서 실수를 많이 줄일 수 있어서 자신감이 생겼고 무엇보다도 팀원들과 신뢰와 유대관계가 형성되었습니다.
아쉽게 저희는 우승을 하지 못했지만 저는 벤치 멤버로서 실수하지 않고 득점을 하고 팀원을 도울 수 있어서 뿌듯함을 느꼈고 발전했다고 생각했습니다.",농구 대회에서 극복한 상황과 배운 교훈을 당신의 일상적인 업무나 도전에 어떻게 적용하려고 하나요?
"저는 고등학교 농구 대회 연습 도중 어려움을 느꼈지만 극복한 경험이 있습니다. 제가 속한 농구부는 학교 대표로 시 대회에 참가했습니다. 시 대회를 위해 학교에서 연습 경기를 하며 팀워크를 다지고 있었는데 제가 다른 팀원들보다 실력이 뒤처져서 경기 도중 실수를 많이 했습니다. 많은 실수가 누적되면서 심리적으로 위축되었고 팀원들과의 신뢰가 많이 훼손되어 어려움을 느꼈습니다. 이러한 문제 상황에서 제가 소극적으로 행동하면 팀 전체에 큰 피해를 끼친다고 생각해서 먼저 적극적으로 팀원들에게 도움을 요청했고 팀원들이 저에게 바라는 역할이 무엇인지 질문을 했습니다. 팀원들이 저에게 해준 조언을 바탕으로 개인 연습과 팀 연습을 했습니다. 덕분에 연습 경기에서 실수를 많이 줄일 수 있어서 자신감이 생겼고 무엇보다도 팀원들과 신뢰와 유대관계가 형성되었습니다.
아쉽게 저희는 우승을 하지 못했지만 저는 벤치 멤버로서 실수하지 않고 득점을 하고 팀원을 도울 수 있어서 뿌듯함을 느꼈고 발전했다고 생각했습니다.",팀 전체의 목표를 달성하지 못했을 때에도 당신은 어떻게 긍정적인 성과를 창출하고자 하셨나요?
"저는 고등학교 농구 대회 연습 도중 어려움을 느꼈지만 극복한 경험이 있습니다. 제가 속한 농구부는 학교 대표로 시 대회에 참가했습니다. 시 대회를 위해 학교에서 연습 경기를 하며 팀워크를 다지고 있었는데 제가 다른 팀원들보다 실력이 뒤처져서 경기 도중 실수를 많이 했습니다. 많은 실수가 누적되면서 심리적으로 위축되었고 팀원들과의 신뢰가 많이 훼손되어 어려움을 느꼈습니다. 이러한 문제 상황에서 제가 소극적으로 행동하면 팀 전체에 큰 피해를 끼친다고 생각해서 먼저 적극적으로 팀원들에게 도움을 요청했고 팀원들이 저에게 바라는 역할이 무엇인지 질문을 했습니다. 팀원들이 저에게 해준 조언을 바탕으로 개인 연습과 팀 연습을 했습니다. 덕분에 연습 경기에서 실수를 많이 줄일 수 있어서 자신감이 생겼고 무엇보다도 팀원들과 신뢰와 유대관계가 형성되었습니다.
아쉽게 저희는 우승을 하지 못했지만 저는 벤치 멤버로서 실수하지 않고 득점을 하고 팀원을 도울 수 있어서 뿌듯함을 느꼈고 발전했다고 생각했습니다.",팀워크와 협업을 강조하는 환경에서 어떻게 팀원들과 유대감을 형성하고 소통했나요?
"저는 고등학교 농구 대회 연습 도중 어려움을 느꼈지만 극복한 경험이 있습니다. 제가 속한 농구부는 학교 대표로 시 대회에 참가했습니다. 시 대회를 위해 학교에서 연습 경기를 하며 팀워크를 다지고 있었는데 제가 다른 팀원들보다 실력이 뒤처져서 경기 도중 실수를 많이 했습니다. 많은 실수가 누적되면서 심리적으로 위축되었고 팀원들과의 신뢰가 많이 훼손되어 어려움을 느꼈습니다. 이러한 문제 상황에서 제가 소극적으로 행동하면 팀 전체에 큰 피해를 끼친다고 생각해서 먼저 적극적으로 팀원들에게 도움을 요청했고 팀원들이 저에게 바라는 역할이 무엇인지 질문을 했습니다. 팀원들이 저에게 해준 조언을 바탕으로 개인 연습과 팀 연습을 했습니다. 덕분에 연습 경기에서 실수를 많이 줄일 수 있어서 자신감이 생겼고 무엇보다도 팀원들과 신뢰와 유대관계가 형성되었습니다.
아쉽게 저희는 우승을 하지 못했지만 저는 벤치 멤버로서 실수하지 않고 득점을 하고 팀원을 도울 수 있어서 뿌듯함을 느꼈고 발전했다고 생각했습니다.",스포츠 경험을 통해 얻은 지도자십과 리더십의 강점은 무엇인가요?
"저는 고등학교 농구 대회 연습 도중 어려움을 느꼈지만 극복한 경험이 있습니다. 제가 속한 농구부는 학교 대표로 시 대회에 참가했습니다. 시 대회를 위해 학교에서 연습 경기를 하며 팀워크를 다지고 있었는데 제가 다른 팀원들보다 실력이 뒤처져서 경기 도중 실수를 많이 했습니다. 많은 실수가 누적되면서 심리적으로 위축되었고 팀원들과의 신뢰가 많이 훼손되어 어려움을 느꼈습니다. 이러한 문제 상황에서 제가 소극적으로 행동하면 팀 전체에 큰 피해를 끼친다고 생각해서 먼저 적극적으로 팀원들에게 도움을 요청했고 팀원들이 저에게 바라는 역할이 무엇인지 질문을 했습니다. 팀원들이 저에게 해준 조언을 바탕으로 개인 연습과 팀 연습을 했습니다. 덕분에 연습 경기에서 실수를 많이 줄일 수 있어서 자신감이 생겼고 무엇보다도 팀원들과 신뢰와 유대관계가 형성되었습니다.
아쉽게 저희는 우승을 하지 못했지만 저는 벤치 멤버로서 실수하지 않고 득점을 하고 팀원을 도울 수 있어서 뿌듯함을 느꼈고 발전했다고 생각했습니다.",미래의 비슷한 상황에서는 어떻게 대처하고 성장하고자 하는지 설명해주세요.
"대학교 입학 후 첫 시험에 3.3의 학점을 얻었습니다. 스스로 열심히 공부했다고 생각한 저는 제 성적에 실망했습니다. 그다음 시험엔 전보다는 성적이 올랐지만 몇 등수의 차이로 장학금을 받지 못했습니다. 다음 시험에는 꼭 받으리라 다짐하며 공부하였고 이후 성적은 점점 올라갔으며 마침내 1등의 성적으로 2학년부터 졸업까지 쭉 성적 장학금을 받았습니다.
해당 경험을 통해 노력하면 안 될 것이 없다는 태도를 배웠고, 첫 시험에서 실망했지만 그만큼 더 열심히 공부해 성적을 향상해 처음의 실패에 좌절하지 않고 더욱 노력해 나가면 달성할 수 있다는 것을 배웠습니다. 그리고 학점에 대한 기준은 그저 숫자일 뿐 그 의미는 어떠한 부분에서도 할 수 있다는 자신감을 주었습니다",첫 학기에 얻은 3.3 학점에 대해 어떤 이유로 실망하셨나요? 이후 어떻게 동기부여를 얻고 노력했나요?
"대학교 입학 후 첫 시험에 3.3의 학점을 얻었습니다. 스스로 열심히 공부했다고 생각한 저는 제 성적에 실망했습니다. 그다음 시험엔 전보다는 성적이 올랐지만 몇 등수의 차이로 장학금을 받지 못했습니다. 다음 시험에는 꼭 받으리라 다짐하며 공부하였고 이후 성적은 점점 올라갔으며 마침내 1등의 성적으로 2학년부터 졸업까지 쭉 성적 장학금을 받았습니다.
해당 경험을 통해 노력하면 안 될 것이 없다는 태도를 배웠고, 첫 시험에서 실망했지만 그만큼 더 열심히 공부해 성적을 향상해 처음의 실패에 좌절하지 않고 더욱 노력해 나가면 달성할 수 있다는 것을 배웠습니다. 그리고 학점에 대한 기준은 그저 숫자일 뿐 그 의미는 어떠한 부분에서도 할 수 있다는 자신감을 주었습니다",성적이 점점 올라가면서 장학금을 받기까지의 과정에서 겪은 어려움과 도전에 대해 이야기해주세요.
"대학교 입학 후 첫 시험에 3.3의 학점을 얻었습니다. 스스로 열심히 공부했다고 생각한 저는 제 성적에 실망했습니다. 그다음 시험엔 전보다는 성적이 올랐지만 몇 등수의 차이로 장학금을 받지 못했습니다. 다음 시험에는 꼭 받으리라 다짐하며 공부하였고 이후 성적은 점점 올라갔으며 마침내 1등의 성적으로 2학년부터 졸업까지 쭉 성적 장학금을 받았습니다.
해당 경험을 통해 노력하면 안 될 것이 없다는 태도를 배웠고, 첫 시험에서 실망했지만 그만큼 더 열심히 공부해 성적을 향상해 처음의 실패에 좌절하지 않고 더욱 노력해 나가면 달성할 수 있다는 것을 배웠습니다. 그리고 학점에 대한 기준은 그저 숫자일 뿐 그 의미는 어떠한 부분에서도 할 수 있다는 자신감을 주었습니다",어떤 방식으로 공부와 학업을 관리하고 성적을 향상시켰나요? 특히 장학금을 받을 수 있도록 노력한 점은 무엇이었나요?
"대학교 입학 후 첫 시험에 3.3의 학점을 얻었습니다. 스스로 열심히 공부했다고 생각한 저는 제 성적에 실망했습니다. 그다음 시험엔 전보다는 성적이 올랐지만 몇 등수의 차이로 장학금을 받지 못했습니다. 다음 시험에는 꼭 받으리라 다짐하며 공부하였고 이후 성적은 점점 올라갔으며 마침내 1등의 성적으로 2학년부터 졸업까지 쭉 성적 장학금을 받았습니다.
해당 경험을 통해 노력하면 안 될 것이 없다는 태도를 배웠고, 첫 시험에서 실망했지만 그만큼 더 열심히 공부해 성적을 향상해 처음의 실패에 좌절하지 않고 더욱 노력해 나가면 달성할 수 있다는 것을 배웠습니다. 그리고 학점에 대한 기준은 그저 숫자일 뿐 그 의미는 어떠한 부분에서도 할 수 있다는 자신감을 주었습니다","실패와 좌절에서 어떤 교훈을 얻었고, 이를 통해 더 큰 성취를 이뤄냈을 때의 감정과 배움은 무엇이었나요?"
"대학교 입학 후 첫 시험에 3.3의 학점을 얻었습니다. 스스로 열심히 공부했다고 생각한 저는 제 성적에 실망했습니다. 그다음 시험엔 전보다는 성적이 올랐지만 몇 등수의 차이로 장학금을 받지 못했습니다. 다음 시험에는 꼭 받으리라 다짐하며 공부하였고 이후 성적은 점점 올라갔으며 마침내 1등의 성적으로 2학년부터 졸업까지 쭉 성적 장학금을 받았습니다.
해당 경험을 통해 노력하면 안 될 것이 없다는 태도를 배웠고, 첫 시험에서 실망했지만 그만큼 더 열심히 공부해 성적을 향상해 처음의 실패에 좌절하지 않고 더욱 노력해 나가면 달성할 수 있다는 것을 배웠습니다. 그리고 학점에 대한 기준은 그저 숫자일 뿐 그 의미는 어떠한 부분에서도 할 수 있다는 자신감을 주었습니다",자신감을 회복하고 노력하는 데 도움이 된 원동력이 무엇이었나요? 자신을 다시 믿게 된 과정은 어떤 것이었나요?
"대학교 입학 후 첫 시험에 3.3의 학점을 얻었습니다. 스스로 열심히 공부했다고 생각한 저는 제 성적에 실망했습니다. 그다음 시험엔 전보다는 성적이 올랐지만 몇 등수의 차이로 장학금을 받지 못했습니다. 다음 시험에는 꼭 받으리라 다짐하며 공부하였고 이후 성적은 점점 올라갔으며 마침내 1등의 성적으로 2학년부터 졸업까지 쭉 성적 장학금을 받았습니다.
해당 경험을 통해 노력하면 안 될 것이 없다는 태도를 배웠고, 첫 시험에서 실망했지만 그만큼 더 열심히 공부해 성적을 향상해 처음의 실패에 좌절하지 않고 더욱 노력해 나가면 달성할 수 있다는 것을 배웠습니다. 그리고 학점에 대한 기준은 그저 숫자일 뿐 그 의미는 어떠한 부분에서도 할 수 있다는 자신감을 주었습니다",대학 생활에서 어떤 자기개발과 성장을 경험하셨나요? 어떻게 자기자신의 잠재력을 발휘하고 개선해나갔나요?
"대학교 입학 후 첫 시험에 3.3의 학점을 얻었습니다. 스스로 열심히 공부했다고 생각한 저는 제 성적에 실망했습니다. 그다음 시험엔 전보다는 성적이 올랐지만 몇 등수의 차이로 장학금을 받지 못했습니다. 다음 시험에는 꼭 받으리라 다짐하며 공부하였고 이후 성적은 점점 올라갔으며 마침내 1등의 성적으로 2학년부터 졸업까지 쭉 성적 장학금을 받았습니다.
해당 경험을 통해 노력하면 안 될 것이 없다는 태도를 배웠고, 첫 시험에서 실망했지만 그만큼 더 열심히 공부해 성적을 향상해 처음의 실패에 좌절하지 않고 더욱 노력해 나가면 달성할 수 있다는 것을 배웠습니다. 그리고 학점에 대한 기준은 그저 숫자일 뿐 그 의미는 어떠한 부분에서도 할 수 있다는 자신감을 주었습니다",첫 학기와 마침내 1등으로 성적이 높아진 경험을 통해 어떤 학습 방식이나 접근 방법에 변화를 주었나요?
"대학교 입학 후 첫 시험에 3.3의 학점을 얻었습니다. 스스로 열심히 공부했다고 생각한 저는 제 성적에 실망했습니다. 그다음 시험엔 전보다는 성적이 올랐지만 몇 등수의 차이로 장학금을 받지 못했습니다. 다음 시험에는 꼭 받으리라 다짐하며 공부하였고 이후 성적은 점점 올라갔으며 마침내 1등의 성적으로 2학년부터 졸업까지 쭉 성적 장학금을 받았습니다.
해당 경험을 통해 노력하면 안 될 것이 없다는 태도를 배웠고, 첫 시험에서 실망했지만 그만큼 더 열심히 공부해 성적을 향상해 처음의 실패에 좌절하지 않고 더욱 노력해 나가면 달성할 수 있다는 것을 배웠습니다. 그리고 학점에 대한 기준은 그저 숫자일 뿐 그 의미는 어떠한 부분에서도 할 수 있다는 자신감을 주었습니다","학점과 장학금을 통해 얻은 성취 이외에도, 대학 생활을 통해 발전한 더 큰 가치나 지식은 무엇인가요?"
"대학교 입학 후 첫 시험에 3.3의 학점을 얻었습니다. 스스로 열심히 공부했다고 생각한 저는 제 성적에 실망했습니다. 그다음 시험엔 전보다는 성적이 올랐지만 몇 등수의 차이로 장학금을 받지 못했습니다. 다음 시험에는 꼭 받으리라 다짐하며 공부하였고 이후 성적은 점점 올라갔으며 마침내 1등의 성적으로 2학년부터 졸업까지 쭉 성적 장학금을 받았습니다.
해당 경험을 통해 노력하면 안 될 것이 없다는 태도를 배웠고, 첫 시험에서 실망했지만 그만큼 더 열심히 공부해 성적을 향상해 처음의 실패에 좌절하지 않고 더욱 노력해 나가면 달성할 수 있다는 것을 배웠습니다. 그리고 학점에 대한 기준은 그저 숫자일 뿐 그 의미는 어떠한 부분에서도 할 수 있다는 자신감을 주었습니다",학업에서의 성취와 노력이 당신의 미래 진로나 목표에 어떻게 영향을 미치고 있나요?
"대학교 입학 후 첫 시험에 3.3의 학점을 얻었습니다. 스스로 열심히 공부했다고 생각한 저는 제 성적에 실망했습니다. 그다음 시험엔 전보다는 성적이 올랐지만 몇 등수의 차이로 장학금을 받지 못했습니다. 다음 시험에는 꼭 받으리라 다짐하며 공부하였고 이후 성적은 점점 올라갔으며 마침내 1등의 성적으로 2학년부터 졸업까지 쭉 성적 장학금을 받았습니다.
해당 경험을 통해 노력하면 안 될 것이 없다는 태도를 배웠고, 첫 시험에서 실망했지만 그만큼 더 열심히 공부해 성적을 향상해 처음의 실패에 좌절하지 않고 더욱 노력해 나가면 달성할 수 있다는 것을 배웠습니다. 그리고 학점에 대한 기준은 그저 숫자일 뿐 그 의미는 어떠한 부분에서도 할 수 있다는 자신감을 주었습니다","다른 도전과 역경을 마주하게 된다면, 이 경험을 바탕으로 어떻게 대응하고 극복할 것인지 말씀해주세요."
"저는 컴퓨터 소프트웨어공학을 전공하며 프론트엔드와 웹 백엔드 모두 경험했습니다. 프론트엔드 개발은 뷰를 제작하고 꾸미는 것은 그것만의 매력이 있지만 저는 웹 백엔드 개발에 더 흥미가 있었습니다. 웹 백엔드 개발은 프로그램의 뒷부분에서 사용자에게 필요한 정보를 제공하게끔 데이터를 가공 및 저장하는 역할을 수행합니다. 저는 그 `데이터`를 직접 다루고 싶었습니다. 정보화시대에 살면서 주변에서 쏟아지는 많은 다양한 데이터를 어떻게 의미 있고 가치 있게 다룰 수 있을까?에 대한 고민을 종종 했었습니다. 그렇기 때문에 웹 백엔드 개발자로서 데이터를 사용한 의미 있는 서비스, 기능을 제작하고 싶어 지원하게 되었습니다.
한미약품에 입사하여 2가지 목표를 달성하겠습니다
첫째, 빠르게 업무에 적응하겠습니다. 내부 솔루션과 프로그램에 대한 전반적인 기술 및 도메인을 이해하며 해당 직무에 관한 업무, 교육에 집중하여 기본 지식을 함양하겠습니다. 직무에 대한 전문성을 갖추어 개발팀의 한 일원으로써 한미약품의 성장에 이바지하겠습니다.
둘째, 기업의 핵심 인재로 성장하기 위해 끊임없이 자기개발에 몰두하겠습니다. IT업계는 트렌트가 빨리 변한다고 생각합니다. ",웹 백엔드 개발에 흥미를 갖게 된 계기와 데이터에 대한 가치를 중요하게 생각하는 이유는 무엇인가요?
"저는 컴퓨터 소프트웨어공학을 전공하며 프론트엔드와 웹 백엔드 모두 경험했습니다. 프론트엔드 개발은 뷰를 제작하고 꾸미는 것은 그것만의 매력이 있지만 저는 웹 백엔드 개발에 더 흥미가 있었습니다. 웹 백엔드 개발은 프로그램의 뒷부분에서 사용자에게 필요한 정보를 제공하게끔 데이터를 가공 및 저장하는 역할을 수행합니다. 저는 그 `데이터`를 직접 다루고 싶었습니다. 정보화시대에 살면서 주변에서 쏟아지는 많은 다양한 데이터를 어떻게 의미 있고 가치 있게 다룰 수 있을까?에 대한 고민을 종종 했었습니다. 그렇기 때문에 웹 백엔드 개발자로서 데이터를 사용한 의미 있는 서비스, 기능을 제작하고 싶어 지원하게 되었습니다.
한미약품에 입사하여 2가지 목표를 달성하겠습니다
첫째, 빠르게 업무에 적응하겠습니다. 내부 솔루션과 프로그램에 대한 전반적인 기술 및 도메인을 이해하며 해당 직무에 관한 업무, 교육에 집중하여 기본 지식을 함양하겠습니다. 직무에 대한 전문성을 갖추어 개발팀의 한 일원으로써 한미약품의 성장에 이바지하겠습니다.
둘째, 기업의 핵심 인재로 성장하기 위해 끊임없이 자기개발에 몰두하겠습니다. IT업계는 트렌트가 빨리 변한다고 생각합니다. ","프론트엔드와 백엔드 개발 모두 경험이 있지만, 왜 웹 백엔드 개발을 선호하는지 구체적으로 설명해주세요."
"저는 컴퓨터 소프트웨어공학을 전공하며 프론트엔드와 웹 백엔드 모두 경험했습니다. 프론트엔드 개발은 뷰를 제작하고 꾸미는 것은 그것만의 매력이 있지만 저는 웹 백엔드 개발에 더 흥미가 있었습니다. 웹 백엔드 개발은 프로그램의 뒷부분에서 사용자에게 필요한 정보를 제공하게끔 데이터를 가공 및 저장하는 역할을 수행합니다. 저는 그 `데이터`를 직접 다루고 싶었습니다. 정보화시대에 살면서 주변에서 쏟아지는 많은 다양한 데이터를 어떻게 의미 있고 가치 있게 다룰 수 있을까?에 대한 고민을 종종 했었습니다. 그렇기 때문에 웹 백엔드 개발자로서 데이터를 사용한 의미 있는 서비스, 기능을 제작하고 싶어 지원하게 되었습니다.
한미약품에 입사하여 2가지 목표를 달성하겠습니다
첫째, 빠르게 업무에 적응하겠습니다. 내부 솔루션과 프로그램에 대한 전반적인 기술 및 도메인을 이해하며 해당 직무에 관한 업무, 교육에 집중하여 기본 지식을 함양하겠습니다. 직무에 대한 전문성을 갖추어 개발팀의 한 일원으로써 한미약품의 성장에 이바지하겠습니다.
둘째, 기업의 핵심 인재로 성장하기 위해 끊임없이 자기개발에 몰두하겠습니다. IT업계는 트렌트가 빨리 변한다고 생각합니다. ","데이터를 다루고 의미 있는 서비스와 기능을 제작하고 싶다는 목표를 어떻게 실현하려고 하나요? 예를 들어, 어떤 데이터를 활용하고 어떤 서비스를 제공하고자 하는지 설명해주세요."
"저는 컴퓨터 소프트웨어공학을 전공하며 프론트엔드와 웹 백엔드 모두 경험했습니다. 프론트엔드 개발은 뷰를 제작하고 꾸미는 것은 그것만의 매력이 있지만 저는 웹 백엔드 개발에 더 흥미가 있었습니다. 웹 백엔드 개발은 프로그램의 뒷부분에서 사용자에게 필요한 정보를 제공하게끔 데이터를 가공 및 저장하는 역할을 수행합니다. 저는 그 `데이터`를 직접 다루고 싶었습니다. 정보화시대에 살면서 주변에서 쏟아지는 많은 다양한 데이터를 어떻게 의미 있고 가치 있게 다룰 수 있을까?에 대한 고민을 종종 했었습니다. 그렇기 때문에 웹 백엔드 개발자로서 데이터를 사용한 의미 있는 서비스, 기능을 제작하고 싶어 지원하게 되었습니다.
한미약품에 입사하여 2가지 목표를 달성하겠습니다
첫째, 빠르게 업무에 적응하겠습니다. 내부 솔루션과 프로그램에 대한 전반적인 기술 및 도메인을 이해하며 해당 직무에 관한 업무, 교육에 집중하여 기본 지식을 함양하겠습니다. 직무에 대한 전문성을 갖추어 개발팀의 한 일원으로써 한미약품의 성장에 이바지하겠습니다.
둘째, 기업의 핵심 인재로 성장하기 위해 끊임없이 자기개발에 몰두하겠습니다. IT업계는 트렌트가 빨리 변한다고 생각합니다. ","한미약품에 입사하여 빠르게 업무에 적응하고자 하는데, 입사 후 어떤 방법으로 내부 솔루션과 프로그램에 대한 기술 및 도메인을 이해하고 개발팀에 기여할 생각인가요?"
"저는 컴퓨터 소프트웨어공학을 전공하며 프론트엔드와 웹 백엔드 모두 경험했습니다. 프론트엔드 개발은 뷰를 제작하고 꾸미는 것은 그것만의 매력이 있지만 저는 웹 백엔드 개발에 더 흥미가 있었습니다. 웹 백엔드 개발은 프로그램의 뒷부분에서 사용자에게 필요한 정보를 제공하게끔 데이터를 가공 및 저장하는 역할을 수행합니다. 저는 그 `데이터`를 직접 다루고 싶었습니다. 정보화시대에 살면서 주변에서 쏟아지는 많은 다양한 데이터를 어떻게 의미 있고 가치 있게 다룰 수 있을까?에 대한 고민을 종종 했었습니다. 그렇기 때문에 웹 백엔드 개발자로서 데이터를 사용한 의미 있는 서비스, 기능을 제작하고 싶어 지원하게 되었습니다.
한미약품에 입사하여 2가지 목표를 달성하겠습니다
첫째, 빠르게 업무에 적응하겠습니다. 내부 솔루션과 프로그램에 대한 전반적인 기술 및 도메인을 이해하며 해당 직무에 관한 업무, 교육에 집중하여 기본 지식을 함양하겠습니다. 직무에 대한 전문성을 갖추어 개발팀의 한 일원으로써 한미약품의 성장에 이바지하겠습니다.
둘째, 기업의 핵심 인재로 성장하기 위해 끊임없이 자기개발에 몰두하겠습니다. IT업계는 트렌트가 빨리 변한다고 생각합니다. ","한미약품에서 웹 백엔드 개발자로서 역량을 갖추어 개발팀의 일원으로 성장하고자 하는데, 이를 위해 어떤 자기개발 계획이나 목표가 있나요?"
"저는 컴퓨터 소프트웨어공학을 전공하며 프론트엔드와 웹 백엔드 모두 경험했습니다. 프론트엔드 개발은 뷰를 제작하고 꾸미는 것은 그것만의 매력이 있지만 저는 웹 백엔드 개발에 더 흥미가 있었습니다. 웹 백엔드 개발은 프로그램의 뒷부분에서 사용자에게 필요한 정보를 제공하게끔 데이터를 가공 및 저장하는 역할을 수행합니다. 저는 그 `데이터`를 직접 다루고 싶었습니다. 정보화시대에 살면서 주변에서 쏟아지는 많은 다양한 데이터를 어떻게 의미 있고 가치 있게 다룰 수 있을까?에 대한 고민을 종종 했었습니다. 그렇기 때문에 웹 백엔드 개발자로서 데이터를 사용한 의미 있는 서비스, 기능을 제작하고 싶어 지원하게 되었습니다.
한미약품에 입사하여 2가지 목표를 달성하겠습니다
첫째, 빠르게 업무에 적응하겠습니다. 내부 솔루션과 프로그램에 대한 전반적인 기술 및 도메인을 이해하며 해당 직무에 관한 업무, 교육에 집중하여 기본 지식을 함양하겠습니다. 직무에 대한 전문성을 갖추어 개발팀의 한 일원으로써 한미약품의 성장에 이바지하겠습니다.
둘째, 기업의 핵심 인재로 성장하기 위해 끊임없이 자기개발에 몰두하겠습니다. IT업계는 트렌트가 빨리 변한다고 생각합니다. ",IT 업계의 빠르게 변하는 트렌드에 대해 어떻게 대응하고 항상 최신 기술과 동향을 따라가려고 하나요?
"저는 컴퓨터 소프트웨어공학을 전공하며 프론트엔드와 웹 백엔드 모두 경험했습니다. 프론트엔드 개발은 뷰를 제작하고 꾸미는 것은 그것만의 매력이 있지만 저는 웹 백엔드 개발에 더 흥미가 있었습니다. 웹 백엔드 개발은 프로그램의 뒷부분에서 사용자에게 필요한 정보를 제공하게끔 데이터를 가공 및 저장하는 역할을 수행합니다. 저는 그 `데이터`를 직접 다루고 싶었습니다. 정보화시대에 살면서 주변에서 쏟아지는 많은 다양한 데이터를 어떻게 의미 있고 가치 있게 다룰 수 있을까?에 대한 고민을 종종 했었습니다. 그렇기 때문에 웹 백엔드 개발자로서 데이터를 사용한 의미 있는 서비스, 기능을 제작하고 싶어 지원하게 되었습니다.
한미약품에 입사하여 2가지 목표를 달성하겠습니다
첫째, 빠르게 업무에 적응하겠습니다. 내부 솔루션과 프로그램에 대한 전반적인 기술 및 도메인을 이해하며 해당 직무에 관한 업무, 교육에 집중하여 기본 지식을 함양하겠습니다. 직무에 대한 전문성을 갖추어 개발팀의 한 일원으로써 한미약품의 성장에 이바지하겠습니다.
둘째, 기업의 핵심 인재로 성장하기 위해 끊임없이 자기개발에 몰두하겠습니다. IT업계는 트렌트가 빨리 변한다고 생각합니다. ","개발자로서의 업무를 수행하면서, 데이터와 기술을 활용하여 어떤 문제를 해결하고자 하는 것이 가장 큰 동기인가요?"
"저는 컴퓨터 소프트웨어공학을 전공하며 프론트엔드와 웹 백엔드 모두 경험했습니다. 프론트엔드 개발은 뷰를 제작하고 꾸미는 것은 그것만의 매력이 있지만 저는 웹 백엔드 개발에 더 흥미가 있었습니다. 웹 백엔드 개발은 프로그램의 뒷부분에서 사용자에게 필요한 정보를 제공하게끔 데이터를 가공 및 저장하는 역할을 수행합니다. 저는 그 `데이터`를 직접 다루고 싶었습니다. 정보화시대에 살면서 주변에서 쏟아지는 많은 다양한 데이터를 어떻게 의미 있고 가치 있게 다룰 수 있을까?에 대한 고민을 종종 했었습니다. 그렇기 때문에 웹 백엔드 개발자로서 데이터를 사용한 의미 있는 서비스, 기능을 제작하고 싶어 지원하게 되었습니다.
한미약품에 입사하여 2가지 목표를 달성하겠습니다
첫째, 빠르게 업무에 적응하겠습니다. 내부 솔루션과 프로그램에 대한 전반적인 기술 및 도메인을 이해하며 해당 직무에 관한 업무, 교육에 집중하여 기본 지식을 함양하겠습니다. 직무에 대한 전문성을 갖추어 개발팀의 한 일원으로써 한미약품의 성장에 이바지하겠습니다.
둘째, 기업의 핵심 인재로 성장하기 위해 끊임없이 자기개발에 몰두하겠습니다. IT업계는 트렌트가 빨리 변한다고 생각합니다. ","한미약품의 비전과 가치에 어떻게 공감하고, 그 비전을 실현하기 위해 개발자로서 어떤 기여를 하고자 하는지 설명해주세요."
"저는 컴퓨터 소프트웨어공학을 전공하며 프론트엔드와 웹 백엔드 모두 경험했습니다. 프론트엔드 개발은 뷰를 제작하고 꾸미는 것은 그것만의 매력이 있지만 저는 웹 백엔드 개발에 더 흥미가 있었습니다. 웹 백엔드 개발은 프로그램의 뒷부분에서 사용자에게 필요한 정보를 제공하게끔 데이터를 가공 및 저장하는 역할을 수행합니다. 저는 그 `데이터`를 직접 다루고 싶었습니다. 정보화시대에 살면서 주변에서 쏟아지는 많은 다양한 데이터를 어떻게 의미 있고 가치 있게 다룰 수 있을까?에 대한 고민을 종종 했었습니다. 그렇기 때문에 웹 백엔드 개발자로서 데이터를 사용한 의미 있는 서비스, 기능을 제작하고 싶어 지원하게 되었습니다.
한미약품에 입사하여 2가지 목표를 달성하겠습니다
첫째, 빠르게 업무에 적응하겠습니다. 내부 솔루션과 프로그램에 대한 전반적인 기술 및 도메인을 이해하며 해당 직무에 관한 업무, 교육에 집중하여 기본 지식을 함양하겠습니다. 직무에 대한 전문성을 갖추어 개발팀의 한 일원으로써 한미약품의 성장에 이바지하겠습니다.
둘째, 기업의 핵심 인재로 성장하기 위해 끊임없이 자기개발에 몰두하겠습니다. IT업계는 트렌트가 빨리 변한다고 생각합니다. ","웹 백엔드 개발자로서 어떤 프로젝트를 주도적으로 수행해 본 경험이 있나요? 그 프로젝트에서 어떤 결과를 얻었으며, 어떤 도전과정을 겪었나요?"
"저는 컴퓨터 소프트웨어공학을 전공하며 프론트엔드와 웹 백엔드 모두 경험했습니다. 프론트엔드 개발은 뷰를 제작하고 꾸미는 것은 그것만의 매력이 있지만 저는 웹 백엔드 개발에 더 흥미가 있었습니다. 웹 백엔드 개발은 프로그램의 뒷부분에서 사용자에게 필요한 정보를 제공하게끔 데이터를 가공 및 저장하는 역할을 수행합니다. 저는 그 `데이터`를 직접 다루고 싶었습니다. 정보화시대에 살면서 주변에서 쏟아지는 많은 다양한 데이터를 어떻게 의미 있고 가치 있게 다룰 수 있을까?에 대한 고민을 종종 했었습니다. 그렇기 때문에 웹 백엔드 개발자로서 데이터를 사용한 의미 있는 서비스, 기능을 제작하고 싶어 지원하게 되었습니다.
한미약품에 입사하여 2가지 목표를 달성하겠습니다
첫째, 빠르게 업무에 적응하겠습니다. 내부 솔루션과 프로그램에 대한 전반적인 기술 및 도메인을 이해하며 해당 직무에 관한 업무, 교육에 집중하여 기본 지식을 함양하겠습니다. 직무에 대한 전문성을 갖추어 개발팀의 한 일원으로써 한미약품의 성장에 이바지하겠습니다.
둘째, 기업의 핵심 인재로 성장하기 위해 끊임없이 자기개발에 몰두하겠습니다. IT업계는 트렌트가 빨리 변한다고 생각합니다. ",한미약품에서의 경험을 통해 어떻게 개인적인 성장과 회사의 성장을 함께 추구하고자 하는지 말씀해주세요.
"저는 웹 백엔드 개발 역량을 갖추었고 쇼핑몰 개발 프로젝트 경험이 있어 해당 직무에 적합하다고 생각합니다. 개발자로서 역량을 더욱 갖추기 위해 백엔드 교육과정을 수료했습니다. 실제 현업에서 사용하는 기술을 학습하며 Spring Boot를 사용하여 MVC
패턴을 적용한 커머스 웹 개발 프로젝트를 진행했습니다. 많은 거래가 이루어지는 커머스 사이트에서 실시간으로 매출을 집계할 경우 조회 시간이 오래 걸리며 서버에 과부하가 발생하는 문제점이 나타났습니다. 이 문제를 해결하기 위해 Spring Batch를 사용했습니다.
스케줄러를 사용해 전날 매출을 당일 새벽에 집계하도록 구성했습니다. 또한 로그인 기능을 개발할 때 세션을 사용하여 사용자 구분 및 로그인 유지를 합니다. 하지만 사용자 인증이 필요한 로직마다 세션 체크 코드가 들어가 중복이 발생하고 유지 보수가 어려워졌습니다. 그래서 인터셉터를 구현하여 요청이 컨트롤러에 들어가기 전 세션 체크하도록 구현했습니다. 또한 원하는 로직에만 세션 체크를 하기 위해 커스텀 어노테이션을 제작해 해결했습니다. 기존 문제점을 개선하여 더 나은 코드를 작성한 것처럼 한미약품에 입사하여 새로운 기술이나 프로세스에 대한 탐구와 학습을 통해 한미약품의 인재가 되겠습니다.","쇼핑몰 개발 프로젝트를 통해 어떤 기능들을 구현하였고, 특히 해당 프로젝트에서 가장 도전적이었던 부분은 무엇이었나요?"
"저는 웹 백엔드 개발 역량을 갖추었고 쇼핑몰 개발 프로젝트 경험이 있어 해당 직무에 적합하다고 생각합니다. 개발자로서 역량을 더욱 갖추기 위해 백엔드 교육과정을 수료했습니다. 실제 현업에서 사용하는 기술을 학습하며 Spring Boot를 사용하여 MVC
패턴을 적용한 커머스 웹 개발 프로젝트를 진행했습니다. 많은 거래가 이루어지는 커머스 사이트에서 실시간으로 매출을 집계할 경우 조회 시간이 오래 걸리며 서버에 과부하가 발생하는 문제점이 나타났습니다. 이 문제를 해결하기 위해 Spring Batch를 사용했습니다.
스케줄러를 사용해 전날 매출을 당일 새벽에 집계하도록 구성했습니다. 또한 로그인 기능을 개발할 때 세션을 사용하여 사용자 구분 및 로그인 유지를 합니다. 하지만 사용자 인증이 필요한 로직마다 세션 체크 코드가 들어가 중복이 발생하고 유지 보수가 어려워졌습니다. 그래서 인터셉터를 구현하여 요청이 컨트롤러에 들어가기 전 세션 체크하도록 구현했습니다. 또한 원하는 로직에만 세션 체크를 하기 위해 커스텀 어노테이션을 제작해 해결했습니다. 기존 문제점을 개선하여 더 나은 코드를 작성한 것처럼 한미약품에 입사하여 새로운 기술이나 프로세스에 대한 탐구와 학습을 통해 한미약품의 인재가 되겠습니다.",Spring Boot와 MVC 패턴을 사용한 커머스 웹 개발 프로젝트에서 Spring Batch를 도입하여 매출 집계 문제를 해결한 경험에 대해 자세히 설명해주세요.
"저는 웹 백엔드 개발 역량을 갖추었고 쇼핑몰 개발 프로젝트 경험이 있어 해당 직무에 적합하다고 생각합니다. 개발자로서 역량을 더욱 갖추기 위해 백엔드 교육과정을 수료했습니다. 실제 현업에서 사용하는 기술을 학습하며 Spring Boot를 사용하여 MVC
패턴을 적용한 커머스 웹 개발 프로젝트를 진행했습니다. 많은 거래가 이루어지는 커머스 사이트에서 실시간으로 매출을 집계할 경우 조회 시간이 오래 걸리며 서버에 과부하가 발생하는 문제점이 나타났습니다. 이 문제를 해결하기 위해 Spring Batch를 사용했습니다.
스케줄러를 사용해 전날 매출을 당일 새벽에 집계하도록 구성했습니다. 또한 로그인 기능을 개발할 때 세션을 사용하여 사용자 구분 및 로그인 유지를 합니다. 하지만 사용자 인증이 필요한 로직마다 세션 체크 코드가 들어가 중복이 발생하고 유지 보수가 어려워졌습니다. 그래서 인터셉터를 구현하여 요청이 컨트롤러에 들어가기 전 세션 체크하도록 구현했습니다. 또한 원하는 로직에만 세션 체크를 하기 위해 커스텀 어노테이션을 제작해 해결했습니다. 기존 문제점을 개선하여 더 나은 코드를 작성한 것처럼 한미약품에 입사하여 새로운 기술이나 프로세스에 대한 탐구와 학습을 통해 한미약품의 인재가 되겠습니다.",로그인 기능 개발에서 세션 체크 문제를 개선하기 위해 인터셉터와 커스텀 어노테이션을 활용한 방법을 구체적으로 설명해주세요. 이러한 개선으로 어떤 이점이 있었나요?
"저는 웹 백엔드 개발 역량을 갖추었고 쇼핑몰 개발 프로젝트 경험이 있어 해당 직무에 적합하다고 생각합니다. 개발자로서 역량을 더욱 갖추기 위해 백엔드 교육과정을 수료했습니다. 실제 현업에서 사용하는 기술을 학습하며 Spring Boot를 사용하여 MVC
패턴을 적용한 커머스 웹 개발 프로젝트를 진행했습니다. 많은 거래가 이루어지는 커머스 사이트에서 실시간으로 매출을 집계할 경우 조회 시간이 오래 걸리며 서버에 과부하가 발생하는 문제점이 나타났습니다. 이 문제를 해결하기 위해 Spring Batch를 사용했습니다.
스케줄러를 사용해 전날 매출을 당일 새벽에 집계하도록 구성했습니다. 또한 로그인 기능을 개발할 때 세션을 사용하여 사용자 구분 및 로그인 유지를 합니다. 하지만 사용자 인증이 필요한 로직마다 세션 체크 코드가 들어가 중복이 발생하고 유지 보수가 어려워졌습니다. 그래서 인터셉터를 구현하여 요청이 컨트롤러에 들어가기 전 세션 체크하도록 구현했습니다. 또한 원하는 로직에만 세션 체크를 하기 위해 커스텀 어노테이션을 제작해 해결했습니다. 기존 문제점을 개선하여 더 나은 코드를 작성한 것처럼 한미약품에 입사하여 새로운 기술이나 프로세스에 대한 탐구와 학습을 통해 한미약품의 인재가 되겠습니다.","백엔드 교육과정에서 어떤 기술과 프로세스를 학습하였는지, 그리고 실제 프로젝트에 어떻게 적용하였나요?"
"저는 웹 백엔드 개발 역량을 갖추었고 쇼핑몰 개발 프로젝트 경험이 있어 해당 직무에 적합하다고 생각합니다. 개발자로서 역량을 더욱 갖추기 위해 백엔드 교육과정을 수료했습니다. 실제 현업에서 사용하는 기술을 학습하며 Spring Boot를 사용하여 MVC
패턴을 적용한 커머스 웹 개발 프로젝트를 진행했습니다. 많은 거래가 이루어지는 커머스 사이트에서 실시간으로 매출을 집계할 경우 조회 시간이 오래 걸리며 서버에 과부하가 발생하는 문제점이 나타났습니다. 이 문제를 해결하기 위해 Spring Batch를 사용했습니다.
스케줄러를 사용해 전날 매출을 당일 새벽에 집계하도록 구성했습니다. 또한 로그인 기능을 개발할 때 세션을 사용하여 사용자 구분 및 로그인 유지를 합니다. 하지만 사용자 인증이 필요한 로직마다 세션 체크 코드가 들어가 중복이 발생하고 유지 보수가 어려워졌습니다. 그래서 인터셉터를 구현하여 요청이 컨트롤러에 들어가기 전 세션 체크하도록 구현했습니다. 또한 원하는 로직에만 세션 체크를 하기 위해 커스텀 어노테이션을 제작해 해결했습니다. 기존 문제점을 개선하여 더 나은 코드를 작성한 것처럼 한미약품에 입사하여 새로운 기술이나 프로세스에 대한 탐구와 학습을 통해 한미약품의 인재가 되겠습니다.",쇼핑몰 개발 프로젝트나 교육과정 외에도 개인적으로 학습하거나 개발한 것이 있나요? 추가적인 포트폴리오 작업이나 사이드 프로젝트에 대해 소개해주세요.
"저는 웹 백엔드 개발 역량을 갖추었고 쇼핑몰 개발 프로젝트 경험이 있어 해당 직무에 적합하다고 생각합니다. 개발자로서 역량을 더욱 갖추기 위해 백엔드 교육과정을 수료했습니다. 실제 현업에서 사용하는 기술을 학습하며 Spring Boot를 사용하여 MVC
패턴을 적용한 커머스 웹 개발 프로젝트를 진행했습니다. 많은 거래가 이루어지는 커머스 사이트에서 실시간으로 매출을 집계할 경우 조회 시간이 오래 걸리며 서버에 과부하가 발생하는 문제점이 나타났습니다. 이 문제를 해결하기 위해 Spring Batch를 사용했습니다.
스케줄러를 사용해 전날 매출을 당일 새벽에 집계하도록 구성했습니다. 또한 로그인 기능을 개발할 때 세션을 사용하여 사용자 구분 및 로그인 유지를 합니다. 하지만 사용자 인증이 필요한 로직마다 세션 체크 코드가 들어가 중복이 발생하고 유지 보수가 어려워졌습니다. 그래서 인터셉터를 구현하여 요청이 컨트롤러에 들어가기 전 세션 체크하도록 구현했습니다. 또한 원하는 로직에만 세션 체크를 하기 위해 커스텀 어노테이션을 제작해 해결했습니다. 기존 문제점을 개선하여 더 나은 코드를 작성한 것처럼 한미약품에 입사하여 새로운 기술이나 프로세스에 대한 탐구와 학습을 통해 한미약품의 인재가 되겠습니다.",기존 문제점을 개선하며 코드를 작성한 경험을 통해 얻은 교훈과 성장에 대해 어떻게 느끼고 있나요? 이러한 경험을 바탕으로 한미약품에서 어떤 기술적 도전에 적극적으로 참여하고 싶은지 설명해주세요.
"저는 웹 백엔드 개발 역량을 갖추었고 쇼핑몰 개발 프로젝트 경험이 있어 해당 직무에 적합하다고 생각합니다. 개발자로서 역량을 더욱 갖추기 위해 백엔드 교육과정을 수료했습니다. 실제 현업에서 사용하는 기술을 학습하며 Spring Boot를 사용하여 MVC
패턴을 적용한 커머스 웹 개발 프로젝트를 진행했습니다. 많은 거래가 이루어지는 커머스 사이트에서 실시간으로 매출을 집계할 경우 조회 시간이 오래 걸리며 서버에 과부하가 발생하는 문제점이 나타났습니다. 이 문제를 해결하기 위해 Spring Batch를 사용했습니다.
스케줄러를 사용해 전날 매출을 당일 새벽에 집계하도록 구성했습니다. 또한 로그인 기능을 개발할 때 세션을 사용하여 사용자 구분 및 로그인 유지를 합니다. 하지만 사용자 인증이 필요한 로직마다 세션 체크 코드가 들어가 중복이 발생하고 유지 보수가 어려워졌습니다. 그래서 인터셉터를 구현하여 요청이 컨트롤러에 들어가기 전 세션 체크하도록 구현했습니다. 또한 원하는 로직에만 세션 체크를 하기 위해 커스텀 어노테이션을 제작해 해결했습니다. 기존 문제점을 개선하여 더 나은 코드를 작성한 것처럼 한미약품에 입사하여 새로운 기술이나 프로세스에 대한 탐구와 학습을 통해 한미약품의 인재가 되겠습니다.","한미약품에 입사하여 새로운 기술이나 프로세스에 대한 탐구와 학습을 어떻게 추진할 계획인가요? 어떤 기술들에 관심이 있고, 해당 기술들을 한미약품에 어떻게 적용하고 싶은지 구체적으로 말씀해주세요."
"저는 웹 백엔드 개발 역량을 갖추었고 쇼핑몰 개발 프로젝트 경험이 있어 해당 직무에 적합하다고 생각합니다. 개발자로서 역량을 더욱 갖추기 위해 백엔드 교육과정을 수료했습니다. 실제 현업에서 사용하는 기술을 학습하며 Spring Boot를 사용하여 MVC
패턴을 적용한 커머스 웹 개발 프로젝트를 진행했습니다. 많은 거래가 이루어지는 커머스 사이트에서 실시간으로 매출을 집계할 경우 조회 시간이 오래 걸리며 서버에 과부하가 발생하는 문제점이 나타났습니다. 이 문제를 해결하기 위해 Spring Batch를 사용했습니다.
스케줄러를 사용해 전날 매출을 당일 새벽에 집계하도록 구성했습니다. 또한 로그인 기능을 개발할 때 세션을 사용하여 사용자 구분 및 로그인 유지를 합니다. 하지만 사용자 인증이 필요한 로직마다 세션 체크 코드가 들어가 중복이 발생하고 유지 보수가 어려워졌습니다. 그래서 인터셉터를 구현하여 요청이 컨트롤러에 들어가기 전 세션 체크하도록 구현했습니다. 또한 원하는 로직에만 세션 체크를 하기 위해 커스텀 어노테이션을 제작해 해결했습니다. 기존 문제점을 개선하여 더 나은 코드를 작성한 것처럼 한미약품에 입사하여 새로운 기술이나 프로세스에 대한 탐구와 학습을 통해 한미약품의 인재가 되겠습니다.","팀 프로젝트나 협업 경험에 대해 어떤 것들을 배웠으며, 특히 백엔드 개발자로서 효과적인 팀워크를 위해 중요하게 생각하는 요소가 무엇인가요?"
"저는 웹 백엔드 개발 역량을 갖추었고 쇼핑몰 개발 프로젝트 경험이 있어 해당 직무에 적합하다고 생각합니다. 개발자로서 역량을 더욱 갖추기 위해 백엔드 교육과정을 수료했습니다. 실제 현업에서 사용하는 기술을 학습하며 Spring Boot를 사용하여 MVC
패턴을 적용한 커머스 웹 개발 프로젝트를 진행했습니다. 많은 거래가 이루어지는 커머스 사이트에서 실시간으로 매출을 집계할 경우 조회 시간이 오래 걸리며 서버에 과부하가 발생하는 문제점이 나타났습니다. 이 문제를 해결하기 위해 Spring Batch를 사용했습니다.
스케줄러를 사용해 전날 매출을 당일 새벽에 집계하도록 구성했습니다. 또한 로그인 기능을 개발할 때 세션을 사용하여 사용자 구분 및 로그인 유지를 합니다. 하지만 사용자 인증이 필요한 로직마다 세션 체크 코드가 들어가 중복이 발생하고 유지 보수가 어려워졌습니다. 그래서 인터셉터를 구현하여 요청이 컨트롤러에 들어가기 전 세션 체크하도록 구현했습니다. 또한 원하는 로직에만 세션 체크를 하기 위해 커스텀 어노테이션을 제작해 해결했습니다. 기존 문제점을 개선하여 더 나은 코드를 작성한 것처럼 한미약품에 입사하여 새로운 기술이나 프로세스에 대한 탐구와 학습을 통해 한미약품의 인재가 되겠습니다.",문제 해결과 코드 최적화를 위해 어떤 방법들을 사용하는지 설명해주세요. 특히 성능 개선과 코드의 품질 향상을 위해 노력한 경험에 대해 말씀해주세요.
"저는 웹 백엔드 개발 역량을 갖추었고 쇼핑몰 개발 프로젝트 경험이 있어 해당 직무에 적합하다고 생각합니다. 개발자로서 역량을 더욱 갖추기 위해 백엔드 교육과정을 수료했습니다. 실제 현업에서 사용하는 기술을 학습하며 Spring Boot를 사용하여 MVC
패턴을 적용한 커머스 웹 개발 프로젝트를 진행했습니다. 많은 거래가 이루어지는 커머스 사이트에서 실시간으로 매출을 집계할 경우 조회 시간이 오래 걸리며 서버에 과부하가 발생하는 문제점이 나타났습니다. 이 문제를 해결하기 위해 Spring Batch를 사용했습니다.
스케줄러를 사용해 전날 매출을 당일 새벽에 집계하도록 구성했습니다. 또한 로그인 기능을 개발할 때 세션을 사용하여 사용자 구분 및 로그인 유지를 합니다. 하지만 사용자 인증이 필요한 로직마다 세션 체크 코드가 들어가 중복이 발생하고 유지 보수가 어려워졌습니다. 그래서 인터셉터를 구현하여 요청이 컨트롤러에 들어가기 전 세션 체크하도록 구현했습니다. 또한 원하는 로직에만 세션 체크를 하기 위해 커스텀 어노테이션을 제작해 해결했습니다. 기존 문제점을 개선하여 더 나은 코드를 작성한 것처럼 한미약품에 입사하여 새로운 기술이나 프로세스에 대한 탐구와 학습을 통해 한미약품의 인재가 되겠습니다.","한미약품에서의 백엔드 개발자로서 어떤 역할을 수행하고 싶으며, 회사와 개발팀에 어떤 가치를 제공하고자 하는지 말씀해주세요."
"1. 지원 동기
저는 제가 만든 서비스가 누군가에게 도움이 될 때 보람을 느낍니다. 오픈베이스는 IT 서비스 업체로, 네트워킹 솔루션, 보안 솔루션, 서버/스토리지 솔루션 및 ITO 사업 서비스를 제공합니다. 오픈베이스는 와 IT 기술이 만나 기업 사용자에게 편리한 네트워크 보안 솔루션을 제공하듯 오픈베이스에서 업무함으로써 더 넓은 범위에서 사용자에게 편리한 서비스를 제공하는 개발자가 되고 싶어 지원했습니다.
2. 강점
저는 백엔드 역량을 더욱 갖추기 위해 NHN 커머스 백엔드 교육과정을 수료했습니다. Spring Boot를 사용하여 MVC 패턴을 적용한
웹 개발을 진행했습니다. Restful api를 기반으로 백엔드를 구성해 CRUD 기능을 처리했습니다.
또한 교내 캡스톤디자인 대회에 참가해 특허를 출원한 경험이 있습니다. 특허를 출원할 수 있었던 이유는 사용자의 불편함을 파악해 불편함을 해소했기 때문이라고 생각합니다.
3. 입사 후 포부
오픈베이스에 입사하여 해당 직무에 관련된 업무, 교육에 집중하여 기본 지식을 함양하며 빠르게 적응하겠습니다. 이후 오픈베이스가 지향하는 개발 방법, 개발 문화에 적응하며 자기 개발을 통해 전문성을 갖추어 개발팀의 한 일원으로써 오픈베이스의 성장에 이바지하겠습니다.","오픈베이스에서 업무함으로써 더 넓은 범위에서 사용자에게 편리한 서비스를 제공하는 개발자가 되고 싶다고 언급하셨는데, 어떤 서비스를 개발하고 제공하고 싶은지 구체적으로 설명해주세요."
"1. 지원 동기
저는 제가 만든 서비스가 누군가에게 도움이 될 때 보람을 느낍니다. 오픈베이스는 IT 서비스 업체로, 네트워킹 솔루션, 보안 솔루션, 서버/스토리지 솔루션 및 ITO 사업 서비스를 제공합니다. 오픈베이스는 와 IT 기술이 만나 기업 사용자에게 편리한 네트워크 보안 솔루션을 제공하듯 오픈베이스에서 업무함으로써 더 넓은 범위에서 사용자에게 편리한 서비스를 제공하는 개발자가 되고 싶어 지원했습니다.
2. 강점
저는 백엔드 역량을 더욱 갖추기 위해 NHN 커머스 백엔드 교육과정을 수료했습니다. Spring Boot를 사용하여 MVC 패턴을 적용한
웹 개발을 진행했습니다. Restful api를 기반으로 백엔드를 구성해 CRUD 기능을 처리했습니다.
또한 교내 캡스톤디자인 대회에 참가해 특허를 출원한 경험이 있습니다. 특허를 출원할 수 있었던 이유는 사용자의 불편함을 파악해 불편함을 해소했기 때문이라고 생각합니다.
3. 입사 후 포부
오픈베이스에 입사하여 해당 직무에 관련된 업무, 교육에 집중하여 기본 지식을 함양하며 빠르게 적응하겠습니다. 이후 오픈베이스가 지향하는 개발 방법, 개발 문화에 적응하며 자기 개발을 통해 전문성을 갖추어 개발팀의 한 일원으로써 오픈베이스의 성장에 이바지하겠습니다.","백엔드 역량을 더욱 갖추기 위해 수료한 NHN 커머스 백엔드 교육과정에서 어떤 기술과 프로젝트를 경험했는지, 그 중에서도 특히 인상 깊었던 경험에 대해 자세히 말씀해주세요."
"1. 지원 동기
저는 제가 만든 서비스가 누군가에게 도움이 될 때 보람을 느낍니다. 오픈베이스는 IT 서비스 업체로, 네트워킹 솔루션, 보안 솔루션, 서버/스토리지 솔루션 및 ITO 사업 서비스를 제공합니다. 오픈베이스는 와 IT 기술이 만나 기업 사용자에게 편리한 네트워크 보안 솔루션을 제공하듯 오픈베이스에서 업무함으로써 더 넓은 범위에서 사용자에게 편리한 서비스를 제공하는 개발자가 되고 싶어 지원했습니다.
2. 강점
저는 백엔드 역량을 더욱 갖추기 위해 NHN 커머스 백엔드 교육과정을 수료했습니다. Spring Boot를 사용하여 MVC 패턴을 적용한
웹 개발을 진행했습니다. Restful api를 기반으로 백엔드를 구성해 CRUD 기능을 처리했습니다.
또한 교내 캡스톤디자인 대회에 참가해 특허를 출원한 경험이 있습니다. 특허를 출원할 수 있었던 이유는 사용자의 불편함을 파악해 불편함을 해소했기 때문이라고 생각합니다.
3. 입사 후 포부
오픈베이스에 입사하여 해당 직무에 관련된 업무, 교육에 집중하여 기본 지식을 함양하며 빠르게 적응하겠습니다. 이후 오픈베이스가 지향하는 개발 방법, 개발 문화에 적응하며 자기 개발을 통해 전문성을 갖추어 개발팀의 한 일원으로써 오픈베이스의 성장에 이바지하겠습니다.",교내 캡스톤디자인 대회에 참가하여 특허 출원까지 이룬 경험을 더 자세히 설명해주세요. 사용자의 불편함을 파악하고 해소한 과정과 그 결과에 대해 말씀해주세요.
"1. 지원 동기
저는 제가 만든 서비스가 누군가에게 도움이 될 때 보람을 느낍니다. 오픈베이스는 IT 서비스 업체로, 네트워킹 솔루션, 보안 솔루션, 서버/스토리지 솔루션 및 ITO 사업 서비스를 제공합니다. 오픈베이스는 와 IT 기술이 만나 기업 사용자에게 편리한 네트워크 보안 솔루션을 제공하듯 오픈베이스에서 업무함으로써 더 넓은 범위에서 사용자에게 편리한 서비스를 제공하는 개발자가 되고 싶어 지원했습니다.
2. 강점
저는 백엔드 역량을 더욱 갖추기 위해 NHN 커머스 백엔드 교육과정을 수료했습니다. Spring Boot를 사용하여 MVC 패턴을 적용한
웹 개발을 진행했습니다. Restful api를 기반으로 백엔드를 구성해 CRUD 기능을 처리했습니다.
또한 교내 캡스톤디자인 대회에 참가해 특허를 출원한 경험이 있습니다. 특허를 출원할 수 있었던 이유는 사용자의 불편함을 파악해 불편함을 해소했기 때문이라고 생각합니다.
3. 입사 후 포부
오픈베이스에 입사하여 해당 직무에 관련된 업무, 교육에 집중하여 기본 지식을 함양하며 빠르게 적응하겠습니다. 이후 오픈베이스가 지향하는 개발 방법, 개발 문화에 적응하며 자기 개발을 통해 전문성을 갖추어 개발팀의 한 일원으로써 오픈베이스의 성장에 이바지하겠습니다.","백엔드 개발자로서 주로 다루는 기술, 언어, 도구 등에 대해 얼마나 숙련되어 있는지 자기평가해보시고, 이를 오픈베이스에서 어떻게 활용하고 기술적 도전에 적극적으로 참여할 계획인지 말씀해주세요."
"1. 지원 동기
저는 제가 만든 서비스가 누군가에게 도움이 될 때 보람을 느낍니다. 오픈베이스는 IT 서비스 업체로, 네트워킹 솔루션, 보안 솔루션, 서버/스토리지 솔루션 및 ITO 사업 서비스를 제공합니다. 오픈베이스는 와 IT 기술이 만나 기업 사용자에게 편리한 네트워크 보안 솔루션을 제공하듯 오픈베이스에서 업무함으로써 더 넓은 범위에서 사용자에게 편리한 서비스를 제공하는 개발자가 되고 싶어 지원했습니다.
2. 강점
저는 백엔드 역량을 더욱 갖추기 위해 NHN 커머스 백엔드 교육과정을 수료했습니다. Spring Boot를 사용하여 MVC 패턴을 적용한
웹 개발을 진행했습니다. Restful api를 기반으로 백엔드를 구성해 CRUD 기능을 처리했습니다.
또한 교내 캡스톤디자인 대회에 참가해 특허를 출원한 경험이 있습니다. 특허를 출원할 수 있었던 이유는 사용자의 불편함을 파악해 불편함을 해소했기 때문이라고 생각합니다.
3. 입사 후 포부
오픈베이스에 입사하여 해당 직무에 관련된 업무, 교육에 집중하여 기본 지식을 함양하며 빠르게 적응하겠습니다. 이후 오픈베이스가 지향하는 개발 방법, 개발 문화에 적응하며 자기 개발을 통해 전문성을 갖추어 개발팀의 한 일원으로써 오픈베이스의 성장에 이바지하겠습니다.","오픈베이스에 입사하게 된다면, 개발팀 내에서의 역할과 협업 방식에 대해 어떻게 생각하고 있으며, 팀워크와 협업 능력을 향상시키기 위해 어떤 노력을 기울일 계획인지 말씀해주세요."
"1. 지원 동기
저는 제가 만든 서비스가 누군가에게 도움이 될 때 보람을 느낍니다. 오픈베이스는 IT 서비스 업체로, 네트워킹 솔루션, 보안 솔루션, 서버/스토리지 솔루션 및 ITO 사업 서비스를 제공합니다. 오픈베이스는 와 IT 기술이 만나 기업 사용자에게 편리한 네트워크 보안 솔루션을 제공하듯 오픈베이스에서 업무함으로써 더 넓은 범위에서 사용자에게 편리한 서비스를 제공하는 개발자가 되고 싶어 지원했습니다.
2. 강점
저는 백엔드 역량을 더욱 갖추기 위해 NHN 커머스 백엔드 교육과정을 수료했습니다. Spring Boot를 사용하여 MVC 패턴을 적용한
웹 개발을 진행했습니다. Restful api를 기반으로 백엔드를 구성해 CRUD 기능을 처리했습니다.
또한 교내 캡스톤디자인 대회에 참가해 특허를 출원한 경험이 있습니다. 특허를 출원할 수 있었던 이유는 사용자의 불편함을 파악해 불편함을 해소했기 때문이라고 생각합니다.
3. 입사 후 포부
오픈베이스에 입사하여 해당 직무에 관련된 업무, 교육에 집중하여 기본 지식을 함양하며 빠르게 적응하겠습니다. 이후 오픈베이스가 지향하는 개발 방법, 개발 문화에 적응하며 자기 개발을 통해 전문성을 갖추어 개발팀의 한 일원으로써 오픈베이스의 성장에 이바지하겠습니다.","기술적인 도전 뿐만 아니라 오픈베이스의 비즈니스와 서비스에 대해 어떻게 이해하고 있는지 설명해주세요. 오픈베이스가 제공하는 서비스에 대해 조사하고, 그 서비스를 개선하거나 새로운 아이디어를 제안할 수 있는 능력을 보여주세요."
"1. 지원 동기
저는 제가 만든 서비스가 누군가에게 도움이 될 때 보람을 느낍니다. 오픈베이스는 IT 서비스 업체로, 네트워킹 솔루션, 보안 솔루션, 서버/스토리지 솔루션 및 ITO 사업 서비스를 제공합니다. 오픈베이스는 와 IT 기술이 만나 기업 사용자에게 편리한 네트워크 보안 솔루션을 제공하듯 오픈베이스에서 업무함으로써 더 넓은 범위에서 사용자에게 편리한 서비스를 제공하는 개발자가 되고 싶어 지원했습니다.
2. 강점
저는 백엔드 역량을 더욱 갖추기 위해 NHN 커머스 백엔드 교육과정을 수료했습니다. Spring Boot를 사용하여 MVC 패턴을 적용한
웹 개발을 진행했습니다. Restful api를 기반으로 백엔드를 구성해 CRUD 기능을 처리했습니다.
또한 교내 캡스톤디자인 대회에 참가해 특허를 출원한 경험이 있습니다. 특허를 출원할 수 있었던 이유는 사용자의 불편함을 파악해 불편함을 해소했기 때문이라고 생각합니다.
3. 입사 후 포부
오픈베이스에 입사하여 해당 직무에 관련된 업무, 교육에 집중하여 기본 지식을 함양하며 빠르게 적응하겠습니다. 이후 오픈베이스가 지향하는 개발 방법, 개발 문화에 적응하며 자기 개발을 통해 전문성을 갖추어 개발팀의 한 일원으로써 오픈베이스의 성장에 이바지하겠습니다.","기술적인 역량 외에도 소통과 커뮤니케이션 능력이 중요한 개발자로서, 팀원들과의 협업에서 어떻게 소통하고 의사결정을 진행할 계획인지 말씀해주세요."
"1. 지원 동기
저는 제가 만든 서비스가 누군가에게 도움이 될 때 보람을 느낍니다. 오픈베이스는 IT 서비스 업체로, 네트워킹 솔루션, 보안 솔루션, 서버/스토리지 솔루션 및 ITO 사업 서비스를 제공합니다. 오픈베이스는 와 IT 기술이 만나 기업 사용자에게 편리한 네트워크 보안 솔루션을 제공하듯 오픈베이스에서 업무함으로써 더 넓은 범위에서 사용자에게 편리한 서비스를 제공하는 개발자가 되고 싶어 지원했습니다.
2. 강점
저는 백엔드 역량을 더욱 갖추기 위해 NHN 커머스 백엔드 교육과정을 수료했습니다. Spring Boot를 사용하여 MVC 패턴을 적용한
웹 개발을 진행했습니다. Restful api를 기반으로 백엔드를 구성해 CRUD 기능을 처리했습니다.
또한 교내 캡스톤디자인 대회에 참가해 특허를 출원한 경험이 있습니다. 특허를 출원할 수 있었던 이유는 사용자의 불편함을 파악해 불편함을 해소했기 때문이라고 생각합니다.
3. 입사 후 포부
오픈베이스에 입사하여 해당 직무에 관련된 업무, 교육에 집중하여 기본 지식을 함양하며 빠르게 적응하겠습니다. 이후 오픈베이스가 지향하는 개발 방법, 개발 문화에 적응하며 자기 개발을 통해 전문성을 갖추어 개발팀의 한 일원으로써 오픈베이스의 성장에 이바지하겠습니다.","개발자로서 계속해서 성장하고자 하는 의지와 자기계발 방법에 대해 설명해주세요. 오픈베이스에서 어떤 교육 기회를 활용하고, 개인적으로 어떤 학습 계획을 가지고 있는지 말씀해주세요."
"올림픽 도핑관리팀 샤프롱으로 활동했습니다. 공정한 대회 진행에 기여했으며 국가대표 선수들과 귀빈을 모셨습니다. 국제행사 경험 간 귀빈 영접과 고객 서비스에 소질을 느껴 컨벤션경영 분야로 전공 변경을 결심했습니다. 1학년 수석 성적과 진로에 대한 확고한 의지로 전공 변경 목표를 이뤘습니다. 이후 군에서 인사 행정을 담당하며 부대원의 근무 만족도를 높이는 목표를 실현했습니다. 근무표와 관련한 부대원의 애로사항을 매월 종합하고 법령과 규정을 준수하는 선에서 부대원의 의견이 반영되도록 한 건도 빠짐없이 임무를 수행했습니다. 이 과정에서 OA 활용 능력 향상과 사무기기 및 비품 관리 요령을 익혔습니다.
새로움을 두려워하지 않으며 끊임없이 도전하고 경험을 통해 성장하고자 합니다. 업무 간 프로정신과 책임의식을 발휘해 업무에 임하겠으며 임직원의 안전한, 효율적인 근무 환경을 조성해 코오롱글로텍의 성장에 일조하겠습니다.",올림픽 도핑관리팀 샤프롱에서의 경험은 어떻게 귀하의 컨벤션경영 분야로의 전공 변경에 영향을 미쳤나요? 이러한 경험을 통해 어떤 가치를 귀하가 발견했나요?
"올림픽 도핑관리팀 샤프롱으로 활동했습니다. 공정한 대회 진행에 기여했으며 국가대표 선수들과 귀빈을 모셨습니다. 국제행사 경험 간 귀빈 영접과 고객 서비스에 소질을 느껴 컨벤션경영 분야로 전공 변경을 결심했습니다. 1학년 수석 성적과 진로에 대한 확고한 의지로 전공 변경 목표를 이뤘습니다. 이후 군에서 인사 행정을 담당하며 부대원의 근무 만족도를 높이는 목표를 실현했습니다. 근무표와 관련한 부대원의 애로사항을 매월 종합하고 법령과 규정을 준수하는 선에서 부대원의 의견이 반영되도록 한 건도 빠짐없이 임무를 수행했습니다. 이 과정에서 OA 활용 능력 향상과 사무기기 및 비품 관리 요령을 익혔습니다.
새로움을 두려워하지 않으며 끊임없이 도전하고 경험을 통해 성장하고자 합니다. 업무 간 프로정신과 책임의식을 발휘해 업무에 임하겠으며 임직원의 안전한, 효율적인 근무 환경을 조성해 코오롱글로텍의 성장에 일조하겠습니다.","샤프롱에서 국제행사 경험과 귀빈 영접, 그리고 국가대표 선수들과의 교류는 어떤 도전적인 상황이었나요? 이러한 상황에서 어떻게 대처하고 성공적으로 업무를 수행했나요?"
"올림픽 도핑관리팀 샤프롱으로 활동했습니다. 공정한 대회 진행에 기여했으며 국가대표 선수들과 귀빈을 모셨습니다. 국제행사 경험 간 귀빈 영접과 고객 서비스에 소질을 느껴 컨벤션경영 분야로 전공 변경을 결심했습니다. 1학년 수석 성적과 진로에 대한 확고한 의지로 전공 변경 목표를 이뤘습니다. 이후 군에서 인사 행정을 담당하며 부대원의 근무 만족도를 높이는 목표를 실현했습니다. 근무표와 관련한 부대원의 애로사항을 매월 종합하고 법령과 규정을 준수하는 선에서 부대원의 의견이 반영되도록 한 건도 빠짐없이 임무를 수행했습니다. 이 과정에서 OA 활용 능력 향상과 사무기기 및 비품 관리 요령을 익혔습니다.
새로움을 두려워하지 않으며 끊임없이 도전하고 경험을 통해 성장하고자 합니다. 업무 간 프로정신과 책임의식을 발휘해 업무에 임하겠으며 임직원의 안전한, 효율적인 근무 환경을 조성해 코오롱글로텍의 성장에 일조하겠습니다.",군에서의 인사 행정 담당 경험을 통해 어떤 부대원의 근무 만족도를 높이기 위한 노력을 기울였나요? 근무표와 관련된 애로사항을 종합하고 부대원의 의견을 반영하기 위해 어떤 방법을 사용했나요?
"올림픽 도핑관리팀 샤프롱으로 활동했습니다. 공정한 대회 진행에 기여했으며 국가대표 선수들과 귀빈을 모셨습니다. 국제행사 경험 간 귀빈 영접과 고객 서비스에 소질을 느껴 컨벤션경영 분야로 전공 변경을 결심했습니다. 1학년 수석 성적과 진로에 대한 확고한 의지로 전공 변경 목표를 이뤘습니다. 이후 군에서 인사 행정을 담당하며 부대원의 근무 만족도를 높이는 목표를 실현했습니다. 근무표와 관련한 부대원의 애로사항을 매월 종합하고 법령과 규정을 준수하는 선에서 부대원의 의견이 반영되도록 한 건도 빠짐없이 임무를 수행했습니다. 이 과정에서 OA 활용 능력 향상과 사무기기 및 비품 관리 요령을 익혔습니다.
새로움을 두려워하지 않으며 끊임없이 도전하고 경험을 통해 성장하고자 합니다. 업무 간 프로정신과 책임의식을 발휘해 업무에 임하겠으며 임직원의 안전한, 효율적인 근무 환경을 조성해 코오롱글로텍의 성장에 일조하겠습니다.",OA 활용 능력 향상과 사무기기 및 비품 관리 요령을 익힌 과정에서 어떤 어려움과 도전이 있었나요? 이러한 도전을 어떻게 극복했고 개선해나갔나요?
"올림픽 도핑관리팀 샤프롱으로 활동했습니다. 공정한 대회 진행에 기여했으며 국가대표 선수들과 귀빈을 모셨습니다. 국제행사 경험 간 귀빈 영접과 고객 서비스에 소질을 느껴 컨벤션경영 분야로 전공 변경을 결심했습니다. 1학년 수석 성적과 진로에 대한 확고한 의지로 전공 변경 목표를 이뤘습니다. 이후 군에서 인사 행정을 담당하며 부대원의 근무 만족도를 높이는 목표를 실현했습니다. 근무표와 관련한 부대원의 애로사항을 매월 종합하고 법령과 규정을 준수하는 선에서 부대원의 의견이 반영되도록 한 건도 빠짐없이 임무를 수행했습니다. 이 과정에서 OA 활용 능력 향상과 사무기기 및 비품 관리 요령을 익혔습니다.
새로움을 두려워하지 않으며 끊임없이 도전하고 경험을 통해 성장하고자 합니다. 업무 간 프로정신과 책임의식을 발휘해 업무에 임하겠으며 임직원의 안전한, 효율적인 근무 환경을 조성해 코오롱글로텍의 성장에 일조하겠습니다.","끊임없는 도전과 성장을 추구한다고 하셨는데, 지금까지 어떤 도전적인 상황을 겪고 이를 어떻게 극복하고 발전했는지 예를 들어주세요."
"올림픽 도핑관리팀 샤프롱으로 활동했습니다. 공정한 대회 진행에 기여했으며 국가대표 선수들과 귀빈을 모셨습니다. 국제행사 경험 간 귀빈 영접과 고객 서비스에 소질을 느껴 컨벤션경영 분야로 전공 변경을 결심했습니다. 1학년 수석 성적과 진로에 대한 확고한 의지로 전공 변경 목표를 이뤘습니다. 이후 군에서 인사 행정을 담당하며 부대원의 근무 만족도를 높이는 목표를 실현했습니다. 근무표와 관련한 부대원의 애로사항을 매월 종합하고 법령과 규정을 준수하는 선에서 부대원의 의견이 반영되도록 한 건도 빠짐없이 임무를 수행했습니다. 이 과정에서 OA 활용 능력 향상과 사무기기 및 비품 관리 요령을 익혔습니다.
새로움을 두려워하지 않으며 끊임없이 도전하고 경험을 통해 성장하고자 합니다. 업무 간 프로정신과 책임의식을 발휘해 업무에 임하겠으며 임직원의 안전한, 효율적인 근무 환경을 조성해 코오롱글로텍의 성장에 일조하겠습니다.","임직원의 안전한, 효율적인 근무 환경을 조성하는 것에 대해 어떻게 생각하고 있으며, 이를 위해 어떤 방법을 활용할 계획인지 말씀해주세요."
"올림픽 도핑관리팀 샤프롱으로 활동했습니다. 공정한 대회 진행에 기여했으며 국가대표 선수들과 귀빈을 모셨습니다. 국제행사 경험 간 귀빈 영접과 고객 서비스에 소질을 느껴 컨벤션경영 분야로 전공 변경을 결심했습니다. 1학년 수석 성적과 진로에 대한 확고한 의지로 전공 변경 목표를 이뤘습니다. 이후 군에서 인사 행정을 담당하며 부대원의 근무 만족도를 높이는 목표를 실현했습니다. 근무표와 관련한 부대원의 애로사항을 매월 종합하고 법령과 규정을 준수하는 선에서 부대원의 의견이 반영되도록 한 건도 빠짐없이 임무를 수행했습니다. 이 과정에서 OA 활용 능력 향상과 사무기기 및 비품 관리 요령을 익혔습니다.
새로움을 두려워하지 않으며 끊임없이 도전하고 경험을 통해 성장하고자 합니다. 업무 간 프로정신과 책임의식을 발휘해 업무에 임하겠으며 임직원의 안전한, 효율적인 근무 환경을 조성해 코오롱글로텍의 성장에 일조하겠습니다.","코오롱글로텍의 성장에 일조하고자 한다고 언급하셨는데, 코오롱글로텍의 비전과 가치에 대해 얼마나 이해하고 있는지 설명해주세요. 귀하가 기여하고자 하는 방식에 대해 구체적으로 말씀해주세요."
"올림픽 도핑관리팀 샤프롱으로 활동했습니다. 공정한 대회 진행에 기여했으며 국가대표 선수들과 귀빈을 모셨습니다. 국제행사 경험 간 귀빈 영접과 고객 서비스에 소질을 느껴 컨벤션경영 분야로 전공 변경을 결심했습니다. 1학년 수석 성적과 진로에 대한 확고한 의지로 전공 변경 목표를 이뤘습니다. 이후 군에서 인사 행정을 담당하며 부대원의 근무 만족도를 높이는 목표를 실현했습니다. 근무표와 관련한 부대원의 애로사항을 매월 종합하고 법령과 규정을 준수하는 선에서 부대원의 의견이 반영되도록 한 건도 빠짐없이 임무를 수행했습니다. 이 과정에서 OA 활용 능력 향상과 사무기기 및 비품 관리 요령을 익혔습니다.
새로움을 두려워하지 않으며 끊임없이 도전하고 경험을 통해 성장하고자 합니다. 업무 간 프로정신과 책임의식을 발휘해 업무에 임하겠으며 임직원의 안전한, 효율적인 근무 환경을 조성해 코오롱글로텍의 성장에 일조하겠습니다.","컨벤션경영 분야로 진로를 변경하면서 향후 어떤 분야에서 성장하고자 하며, 자신의 역량을 어떻게 발전시킬 계획인지 말씀해주세요."
"국내 최고 수준의 호텔에서 컨시어지 직무 수행 간 의사소통 역량을 발휘해 문제를 해결하고 목표를 달성한 경험이 있습니다. 사전 교육 시간에 'VIP란 누구인가'에 대해 토의 후 하나의 의견으로 발표해야 했는데 한 동료가 '기업가, 연예인 등 대중 영향력이 있는 고객'이라고 말했습니다. 본인은 동료의 의견을 경청하고 공감한 후 불만족을 경험했음에도 재방문한 고객도 VIP가 될 수 있다고 말했습니다. 종업원 입장이 아닌 고객 입장에서 생각했습니다. 이전에 불만을 표현했음에도 재방문한 것은 더 나은 서비스를 기대함과 동시에 기업에는 만회할 마지막 기회입니다. 고객이 만족을 느꼈다면 해당 고객은 충성 고객이 될 수 있다는 마케팅 이론과 주변인들에게 만족을 공유하며 기업의 홍보대사가 될 수 있다는 기대효과를 덧붙여 설명했습니다.
동료 의견을 경청하고 공감했기에 동료들과 원활하게 소통할 수 있었습니다. 그리고 주장에 대해 논리적인 근거를 뒷받침하여 설명했기에 조원의 선택을 받을 수 있었고 결과적으로 조원 모두 가산점을 받을 수 있었습니다. 이처럼 경청과 공감, 논리력을 발휘하여 임직원과 협력하고, 상호 발전하는 코오롱글로텍의 인사 총무가 되겠습니다.","컨시어지 직무에서 의사소통 역량을 발휘하여 문제를 해결하고 목표를 달성한 경험에 대해 좀 더 구체적으로 설명해주세요. 어떤 문제가 있었고, 어떤 방식으로 의사소통을 하며 문제를 해결했나요?"
"국내 최고 수준의 호텔에서 컨시어지 직무 수행 간 의사소통 역량을 발휘해 문제를 해결하고 목표를 달성한 경험이 있습니다. 사전 교육 시간에 'VIP란 누구인가'에 대해 토의 후 하나의 의견으로 발표해야 했는데 한 동료가 '기업가, 연예인 등 대중 영향력이 있는 고객'이라고 말했습니다. 본인은 동료의 의견을 경청하고 공감한 후 불만족을 경험했음에도 재방문한 고객도 VIP가 될 수 있다고 말했습니다. 종업원 입장이 아닌 고객 입장에서 생각했습니다. 이전에 불만을 표현했음에도 재방문한 것은 더 나은 서비스를 기대함과 동시에 기업에는 만회할 마지막 기회입니다. 고객이 만족을 느꼈다면 해당 고객은 충성 고객이 될 수 있다는 마케팅 이론과 주변인들에게 만족을 공유하며 기업의 홍보대사가 될 수 있다는 기대효과를 덧붙여 설명했습니다.
동료 의견을 경청하고 공감했기에 동료들과 원활하게 소통할 수 있었습니다. 그리고 주장에 대해 논리적인 근거를 뒷받침하여 설명했기에 조원의 선택을 받을 수 있었고 결과적으로 조원 모두 가산점을 받을 수 있었습니다. 이처럼 경청과 공감, 논리력을 발휘하여 임직원과 협력하고, 상호 발전하는 코오롱글로텍의 인사 총무가 되겠습니다.","'VIP란 누구인가'라는 주제로 발표를 할 때, 동료의 의견과 본인의 의견이 다른 경우에 대처하는 방법과 접근 방식에 대해 말씀해주세요. 어떻게 동료의 의견을 경청하고 공감한 후에 본인의 의견을 주장했나요?"
"국내 최고 수준의 호텔에서 컨시어지 직무 수행 간 의사소통 역량을 발휘해 문제를 해결하고 목표를 달성한 경험이 있습니다. 사전 교육 시간에 'VIP란 누구인가'에 대해 토의 후 하나의 의견으로 발표해야 했는데 한 동료가 '기업가, 연예인 등 대중 영향력이 있는 고객'이라고 말했습니다. 본인은 동료의 의견을 경청하고 공감한 후 불만족을 경험했음에도 재방문한 고객도 VIP가 될 수 있다고 말했습니다. 종업원 입장이 아닌 고객 입장에서 생각했습니다. 이전에 불만을 표현했음에도 재방문한 것은 더 나은 서비스를 기대함과 동시에 기업에는 만회할 마지막 기회입니다. 고객이 만족을 느꼈다면 해당 고객은 충성 고객이 될 수 있다는 마케팅 이론과 주변인들에게 만족을 공유하며 기업의 홍보대사가 될 수 있다는 기대효과를 덧붙여 설명했습니다.
동료 의견을 경청하고 공감했기에 동료들과 원활하게 소통할 수 있었습니다. 그리고 주장에 대해 논리적인 근거를 뒷받침하여 설명했기에 조원의 선택을 받을 수 있었고 결과적으로 조원 모두 가산점을 받을 수 있었습니다. 이처럼 경청과 공감, 논리력을 발휘하여 임직원과 협력하고, 상호 발전하는 코오롱글로텍의 인사 총무가 되겠습니다.","고객 입장에서 생각하며 주장을 전달한 경험에서, 고객 만족에 대한 기대효과와 기업의 장기적인 이익을 고려했던 이유를 자세히 설명해주세요. 이러한 고려를 통해 어떤 결과가 있었나요?"
"국내 최고 수준의 호텔에서 컨시어지 직무 수행 간 의사소통 역량을 발휘해 문제를 해결하고 목표를 달성한 경험이 있습니다. 사전 교육 시간에 'VIP란 누구인가'에 대해 토의 후 하나의 의견으로 발표해야 했는데 한 동료가 '기업가, 연예인 등 대중 영향력이 있는 고객'이라고 말했습니다. 본인은 동료의 의견을 경청하고 공감한 후 불만족을 경험했음에도 재방문한 고객도 VIP가 될 수 있다고 말했습니다. 종업원 입장이 아닌 고객 입장에서 생각했습니다. 이전에 불만을 표현했음에도 재방문한 것은 더 나은 서비스를 기대함과 동시에 기업에는 만회할 마지막 기회입니다. 고객이 만족을 느꼈다면 해당 고객은 충성 고객이 될 수 있다는 마케팅 이론과 주변인들에게 만족을 공유하며 기업의 홍보대사가 될 수 있다는 기대효과를 덧붙여 설명했습니다.
동료 의견을 경청하고 공감했기에 동료들과 원활하게 소통할 수 있었습니다. 그리고 주장에 대해 논리적인 근거를 뒷받침하여 설명했기에 조원의 선택을 받을 수 있었고 결과적으로 조원 모두 가산점을 받을 수 있었습니다. 이처럼 경청과 공감, 논리력을 발휘하여 임직원과 협력하고, 상호 발전하는 코오롱글로텍의 인사 총무가 되겠습니다.","동료들과 소통하며 원활한 팀 협력을 이뤄냈던 경험에서 어떤 점이 효과적이었나요? 경청과 공감, 논리력을 발휘하는 과정에서 어떤 장점을 보여주셨나요?"
"국내 최고 수준의 호텔에서 컨시어지 직무 수행 간 의사소통 역량을 발휘해 문제를 해결하고 목표를 달성한 경험이 있습니다. 사전 교육 시간에 'VIP란 누구인가'에 대해 토의 후 하나의 의견으로 발표해야 했는데 한 동료가 '기업가, 연예인 등 대중 영향력이 있는 고객'이라고 말했습니다. 본인은 동료의 의견을 경청하고 공감한 후 불만족을 경험했음에도 재방문한 고객도 VIP가 될 수 있다고 말했습니다. 종업원 입장이 아닌 고객 입장에서 생각했습니다. 이전에 불만을 표현했음에도 재방문한 것은 더 나은 서비스를 기대함과 동시에 기업에는 만회할 마지막 기회입니다. 고객이 만족을 느꼈다면 해당 고객은 충성 고객이 될 수 있다는 마케팅 이론과 주변인들에게 만족을 공유하며 기업의 홍보대사가 될 수 있다는 기대효과를 덧붙여 설명했습니다.
동료 의견을 경청하고 공감했기에 동료들과 원활하게 소통할 수 있었습니다. 그리고 주장에 대해 논리적인 근거를 뒷받침하여 설명했기에 조원의 선택을 받을 수 있었고 결과적으로 조원 모두 가산점을 받을 수 있었습니다. 이처럼 경청과 공감, 논리력을 발휘하여 임직원과 협력하고, 상호 발전하는 코오롱글로텍의 인사 총무가 되겠습니다.","코오롱글로텍의 인사 총무로서, 조직 내에서 협력과 발전을 이뤄낼 수 있는 방법과 접근 방식에 대해 어떻게 생각하시나요? 코오롱글로텍에서 인사 총무로서 어떤 역할을 수행하고 싶으신가요?"
"국내 최고 수준의 호텔에서 컨시어지 직무 수행 간 의사소통 역량을 발휘해 문제를 해결하고 목표를 달성한 경험이 있습니다. 사전 교육 시간에 'VIP란 누구인가'에 대해 토의 후 하나의 의견으로 발표해야 했는데 한 동료가 '기업가, 연예인 등 대중 영향력이 있는 고객'이라고 말했습니다. 본인은 동료의 의견을 경청하고 공감한 후 불만족을 경험했음에도 재방문한 고객도 VIP가 될 수 있다고 말했습니다. 종업원 입장이 아닌 고객 입장에서 생각했습니다. 이전에 불만을 표현했음에도 재방문한 것은 더 나은 서비스를 기대함과 동시에 기업에는 만회할 마지막 기회입니다. 고객이 만족을 느꼈다면 해당 고객은 충성 고객이 될 수 있다는 마케팅 이론과 주변인들에게 만족을 공유하며 기업의 홍보대사가 될 수 있다는 기대효과를 덧붙여 설명했습니다.
동료 의견을 경청하고 공감했기에 동료들과 원활하게 소통할 수 있었습니다. 그리고 주장에 대해 논리적인 근거를 뒷받침하여 설명했기에 조원의 선택을 받을 수 있었고 결과적으로 조원 모두 가산점을 받을 수 있었습니다. 이처럼 경청과 공감, 논리력을 발휘하여 임직원과 협력하고, 상호 발전하는 코오롱글로텍의 인사 총무가 되겠습니다.","컨시어지 직무와 코오롱글로텍의 인사 총무 역량을 결합하여, 귀하만의 강점을 어떻게 살려서 조직에 기여하고 성과를 이뤄내고자 하나요?"
"하는 일에 관련된 자료는 모두 저장해두어 업무의 완성도를 높이는 데 기여가 가능한 점이 제 특성의 장점입니다. 동아리 회장 신분으로 단과대학 대표자 회의에 참여하여 동아리 정식 인준 안건에서 찬성률 86.1퍼센트를 받아 동아리 중 찬성률 최고를 기록한 경험이 있습니다. 학생회 및 동아리 활동을 하며 문서화 해 놓은 학생회칙들과 동아리 활동내역은 대의원 설득에 큰 도움이 되었습니다. 하지만 자료의 필요성을 판단하지 못하고 방대한 양을 모아두는 것이 문제점이었습니다. 학원 과학강사로 근무하면서 학생들 특성에 맞는 자료를 서칭하고 정리해서 제공할 수 있는 능력을 길러 목적에 맞는 자료를 문서화 가능하도록 문제점을 보완할 수 있었습니다.
GMP 시설에서는 공정 과정에서 시행한 모든 업무 내용을 문서화해야 합니다. ALCOA에 따라 Data integrity 업무를 진행하기 위해 근거 자료 확보가 중요한데, 제 문서화 습관이 이러한 업무 수행 능력을 끌어올리는데 있어 촉매제 역할을 할 것입니다","문서화를 통해 업무 완성도를 높이는 것이 중요하다고 말씀하셨는데, 자료를 어떤 방식으로 저장하고 관리하시는지 설명해주세요."
"하는 일에 관련된 자료는 모두 저장해두어 업무의 완성도를 높이는 데 기여가 가능한 점이 제 특성의 장점입니다. 동아리 회장 신분으로 단과대학 대표자 회의에 참여하여 동아리 정식 인준 안건에서 찬성률 86.1퍼센트를 받아 동아리 중 찬성률 최고를 기록한 경험이 있습니다. 학생회 및 동아리 활동을 하며 문서화 해 놓은 학생회칙들과 동아리 활동내역은 대의원 설득에 큰 도움이 되었습니다. 하지만 자료의 필요성을 판단하지 못하고 방대한 양을 모아두는 것이 문제점이었습니다. 학원 과학강사로 근무하면서 학생들 특성에 맞는 자료를 서칭하고 정리해서 제공할 수 있는 능력을 길러 목적에 맞는 자료를 문서화 가능하도록 문제점을 보완할 수 있었습니다.
GMP 시설에서는 공정 과정에서 시행한 모든 업무 내용을 문서화해야 합니다. ALCOA에 따라 Data integrity 업무를 진행하기 위해 근거 자료 확보가 중요한데, 제 문서화 습관이 이러한 업무 수행 능력을 끌어올리는데 있어 촉매제 역할을 할 것입니다","동아리 회장으로서 찬성률 최고를 기록한 경험이 있으시군요. 동아리 회장으로서 어떤 방식으로 동아리를 운영하고, 대의원들의 찬성을 얻을 수 있었던 요인에 대해 말씀해주세요."
"하는 일에 관련된 자료는 모두 저장해두어 업무의 완성도를 높이는 데 기여가 가능한 점이 제 특성의 장점입니다. 동아리 회장 신분으로 단과대학 대표자 회의에 참여하여 동아리 정식 인준 안건에서 찬성률 86.1퍼센트를 받아 동아리 중 찬성률 최고를 기록한 경험이 있습니다. 학생회 및 동아리 활동을 하며 문서화 해 놓은 학생회칙들과 동아리 활동내역은 대의원 설득에 큰 도움이 되었습니다. 하지만 자료의 필요성을 판단하지 못하고 방대한 양을 모아두는 것이 문제점이었습니다. 학원 과학강사로 근무하면서 학생들 특성에 맞는 자료를 서칭하고 정리해서 제공할 수 있는 능력을 길러 목적에 맞는 자료를 문서화 가능하도록 문제점을 보완할 수 있었습니다.
GMP 시설에서는 공정 과정에서 시행한 모든 업무 내용을 문서화해야 합니다. ALCOA에 따라 Data integrity 업무를 진행하기 위해 근거 자료 확보가 중요한데, 제 문서화 습관이 이러한 업무 수행 능력을 끌어올리는데 있어 촉매제 역할을 할 것입니다",학생회 및 동아리 활동에서 문서화 한 학생회칙과 활동내역이 대의원 설득에 어떻게 도움이 되었는지 구체적인 사례를 들어 설명해주세요.
"하는 일에 관련된 자료는 모두 저장해두어 업무의 완성도를 높이는 데 기여가 가능한 점이 제 특성의 장점입니다. 동아리 회장 신분으로 단과대학 대표자 회의에 참여하여 동아리 정식 인준 안건에서 찬성률 86.1퍼센트를 받아 동아리 중 찬성률 최고를 기록한 경험이 있습니다. 학생회 및 동아리 활동을 하며 문서화 해 놓은 학생회칙들과 동아리 활동내역은 대의원 설득에 큰 도움이 되었습니다. 하지만 자료의 필요성을 판단하지 못하고 방대한 양을 모아두는 것이 문제점이었습니다. 학원 과학강사로 근무하면서 학생들 특성에 맞는 자료를 서칭하고 정리해서 제공할 수 있는 능력을 길러 목적에 맞는 자료를 문서화 가능하도록 문제점을 보완할 수 있었습니다.
GMP 시설에서는 공정 과정에서 시행한 모든 업무 내용을 문서화해야 합니다. ALCOA에 따라 Data integrity 업무를 진행하기 위해 근거 자료 확보가 중요한데, 제 문서화 습관이 이러한 업무 수행 능력을 끌어올리는데 있어 촉매제 역할을 할 것입니다","학원 과학강사로 근무하며 목적에 맞는 자료를 문서화하였다고 하셨는데, 학생들 특성에 맞는 자료를 어떻게 찾아서 제공하였고, 어떤 점에서 문서화 습관이 도움이 되었는지 설명해주세요."
"하는 일에 관련된 자료는 모두 저장해두어 업무의 완성도를 높이는 데 기여가 가능한 점이 제 특성의 장점입니다. 동아리 회장 신분으로 단과대학 대표자 회의에 참여하여 동아리 정식 인준 안건에서 찬성률 86.1퍼센트를 받아 동아리 중 찬성률 최고를 기록한 경험이 있습니다. 학생회 및 동아리 활동을 하며 문서화 해 놓은 학생회칙들과 동아리 활동내역은 대의원 설득에 큰 도움이 되었습니다. 하지만 자료의 필요성을 판단하지 못하고 방대한 양을 모아두는 것이 문제점이었습니다. 학원 과학강사로 근무하면서 학생들 특성에 맞는 자료를 서칭하고 정리해서 제공할 수 있는 능력을 길러 목적에 맞는 자료를 문서화 가능하도록 문제점을 보완할 수 있었습니다.
GMP 시설에서는 공정 과정에서 시행한 모든 업무 내용을 문서화해야 합니다. ALCOA에 따라 Data integrity 업무를 진행하기 위해 근거 자료 확보가 중요한데, 제 문서화 습관이 이러한 업무 수행 능력을 끌어올리는데 있어 촉매제 역할을 할 것입니다",GMP 시설에서 업무를 진행할 때 중요한 데이터 무결성과 관련하여 어떤 점을 신경쓰시고 문서화를 어떻게 하고 계획하시는지 설명해주세요.
"하는 일에 관련된 자료는 모두 저장해두어 업무의 완성도를 높이는 데 기여가 가능한 점이 제 특성의 장점입니다. 동아리 회장 신분으로 단과대학 대표자 회의에 참여하여 동아리 정식 인준 안건에서 찬성률 86.1퍼센트를 받아 동아리 중 찬성률 최고를 기록한 경험이 있습니다. 학생회 및 동아리 활동을 하며 문서화 해 놓은 학생회칙들과 동아리 활동내역은 대의원 설득에 큰 도움이 되었습니다. 하지만 자료의 필요성을 판단하지 못하고 방대한 양을 모아두는 것이 문제점이었습니다. 학원 과학강사로 근무하면서 학생들 특성에 맞는 자료를 서칭하고 정리해서 제공할 수 있는 능력을 길러 목적에 맞는 자료를 문서화 가능하도록 문제점을 보완할 수 있었습니다.
GMP 시설에서는 공정 과정에서 시행한 모든 업무 내용을 문서화해야 합니다. ALCOA에 따라 Data integrity 업무를 진행하기 위해 근거 자료 확보가 중요한데, 제 문서화 습관이 이러한 업무 수행 능력을 끌어올리는데 있어 촉매제 역할을 할 것입니다","자료 문서화 습관이 촉매제 역할을 한다고 하셨는데, 이러한 습관을 코오롱글로텍에서의 업무에 어떻게 활용하고 기여하고자 하시나요? 촉매제 역할을 어떤 식으로 발휘하시고자 하는지 설명해주세요."
"문제 해결 능력입니다. 모바일 인텔리전스 ‘센서타워’에서 측정된 경쟁사 게임별 주요 지표(다운로드수AU, 매출)상의 오차 발생 문제를 발견, 자사 데이터 및 증권사 리포트 자료와의 비교를 통한 오차 보정으로 기존 대비 30% 더 높은 정확도의 데이터를 산출했습니다. 둘째, 커뮤니케이션 능력입니다. 자신이 원하는 조건에 맞는 게임 팀원을 빠르게 찾을 수 있는 게임 팀원 매칭 서비스 프로젝트 팀장으로 1년간 활동하며, 개발자 및 디자이너와의 원활한 소통을 위해 글자 중심의 기획안이 아닌 화면 설계서 등의 시각적 요소 중심의 소통 수단을 도입하였습니다. 이를 통해 주간 개발 목표 달성률을 50%p 향상 하였고 그 결과, 교내 우수창업동아리 선정 및 18대 1의 경쟁률을 뚫고 교내 창업경진대회 결선 진출이라는 성과를 거두었습니다",
"문제 해결 능력입니다. 모바일 인텔리전스 ‘센서타워’에서 측정된 경쟁사 게임별 주요 지표(다운로드수AU, 매출)상의 오차 발생 문제를 발견, 자사 데이터 및 증권사 리포트 자료와의 비교를 통한 오차 보정으로 기존 대비 30% 더 높은 정확도의 데이터를 산출했습니다. 둘째, 커뮤니케이션 능력입니다. 자신이 원하는 조건에 맞는 게임 팀원을 빠르게 찾을 수 있는 게임 팀원 매칭 서비스 프로젝트 팀장으로 1년간 활동하며, 개발자 및 디자이너와의 원활한 소통을 위해 글자 중심의 기획안이 아닌 화면 설계서 등의 시각적 요소 중심의 소통 수단을 도입하였습니다. 이를 통해 주간 개발 목표 달성률을 50%p 향상 하였고 그 결과, 교내 우수창업동아리 선정 및 18대 1의 경쟁률을 뚫고 교내 창업경진대회 결선 진출이라는 성과를 거두었습니다",경쟁사 게임별 주요 지표 상의 오차 발생 문제를 발견하고 30% 더 높은 정확도의 데이터를 산출한 과정에 대해 자세히 설명해주세요.
"문제 해결 능력입니다. 모바일 인텔리전스 ‘센서타워’에서 측정된 경쟁사 게임별 주요 지표(다운로드수AU, 매출)상의 오차 발생 문제를 발견, 자사 데이터 및 증권사 리포트 자료와의 비교를 통한 오차 보정으로 기존 대비 30% 더 높은 정확도의 데이터를 산출했습니다. 둘째, 커뮤니케이션 능력입니다. 자신이 원하는 조건에 맞는 게임 팀원을 빠르게 찾을 수 있는 게임 팀원 매칭 서비스 프로젝트 팀장으로 1년간 활동하며, 개발자 및 디자이너와의 원활한 소통을 위해 글자 중심의 기획안이 아닌 화면 설계서 등의 시각적 요소 중심의 소통 수단을 도입하였습니다. 이를 통해 주간 개발 목표 달성률을 50%p 향상 하였고 그 결과, 교내 우수창업동아리 선정 및 18대 1의 경쟁률을 뚫고 교내 창업경진대회 결선 진출이라는 성과를 거두었습니다","데이터 오차 보정을 위해 자사 데이터 및 증권사 리포트 자료와의 비교를 어떻게 진행하였고, 어떤 방식으로 오차를 보정하였는지 설명해주세요."
"문제 해결 능력입니다. 모바일 인텔리전스 ‘센서타워’에서 측정된 경쟁사 게임별 주요 지표(다운로드수AU, 매출)상의 오차 발생 문제를 발견, 자사 데이터 및 증권사 리포트 자료와의 비교를 통한 오차 보정으로 기존 대비 30% 더 높은 정확도의 데이터를 산출했습니다. 둘째, 커뮤니케이션 능력입니다. 자신이 원하는 조건에 맞는 게임 팀원을 빠르게 찾을 수 있는 게임 팀원 매칭 서비스 프로젝트 팀장으로 1년간 활동하며, 개발자 및 디자이너와의 원활한 소통을 위해 글자 중심의 기획안이 아닌 화면 설계서 등의 시각적 요소 중심의 소통 수단을 도입하였습니다. 이를 통해 주간 개발 목표 달성률을 50%p 향상 하였고 그 결과, 교내 우수창업동아리 선정 및 18대 1의 경쟁률을 뚫고 교내 창업경진대회 결선 진출이라는 성과를 거두었습니다",게임 팀원 매칭 서비스 프로젝트에서 화면 설계서 등의 시각적 요소 중심의 소통 수단을 도입한 이유와 어떤 방식으로 이를 활용하여 개발자 및 디자이너와 원활한 소통을 이루었는지 설명해주세요.
"문제 해결 능력입니다. 모바일 인텔리전스 ‘센서타워’에서 측정된 경쟁사 게임별 주요 지표(다운로드수AU, 매출)상의 오차 발생 문제를 발견, 자사 데이터 및 증권사 리포트 자료와의 비교를 통한 오차 보정으로 기존 대비 30% 더 높은 정확도의 데이터를 산출했습니다. 둘째, 커뮤니케이션 능력입니다. 자신이 원하는 조건에 맞는 게임 팀원을 빠르게 찾을 수 있는 게임 팀원 매칭 서비스 프로젝트 팀장으로 1년간 활동하며, 개발자 및 디자이너와의 원활한 소통을 위해 글자 중심의 기획안이 아닌 화면 설계서 등의 시각적 요소 중심의 소통 수단을 도입하였습니다. 이를 통해 주간 개발 목표 달성률을 50%p 향상 하였고 그 결과, 교내 우수창업동아리 선정 및 18대 1의 경쟁률을 뚫고 교내 창업경진대회 결선 진출이라는 성과를 거두었습니다",주간 개발 목표 달성률을 50%p 향상시킨 주요 요인과 이를 실현하기 위해 적용한 방법에 대해 자세히 알려주세요.
"문제 해결 능력입니다. 모바일 인텔리전스 ‘센서타워’에서 측정된 경쟁사 게임별 주요 지표(다운로드수AU, 매출)상의 오차 발생 문제를 발견, 자사 데이터 및 증권사 리포트 자료와의 비교를 통한 오차 보정으로 기존 대비 30% 더 높은 정확도의 데이터를 산출했습니다. 둘째, 커뮤니케이션 능력입니다. 자신이 원하는 조건에 맞는 게임 팀원을 빠르게 찾을 수 있는 게임 팀원 매칭 서비스 프로젝트 팀장으로 1년간 활동하며, 개발자 및 디자이너와의 원활한 소통을 위해 글자 중심의 기획안이 아닌 화면 설계서 등의 시각적 요소 중심의 소통 수단을 도입하였습니다. 이를 통해 주간 개발 목표 달성률을 50%p 향상 하였고 그 결과, 교내 우수창업동아리 선정 및 18대 1의 경쟁률을 뚫고 교내 창업경진대회 결선 진출이라는 성과를 거두었습니다",교내 우수창업동아리 선정과 교내 창업경진대회 결선 진출에 성공한 것에 가장 큰 기여를 한 것은 무엇이라고 생각하시나요? 해당 성과를 이루기 위해 특별히 노력한 점이나 팀 내 협업 방식 등에 대해 말씀해주세요.
"문제 해결 능력입니다. 모바일 인텔리전스 ‘센서타워’에서 측정된 경쟁사 게임별 주요 지표(다운로드수AU, 매출)상의 오차 발생 문제를 발견, 자사 데이터 및 증권사 리포트 자료와의 비교를 통한 오차 보정으로 기존 대비 30% 더 높은 정확도의 데이터를 산출했습니다. 둘째, 커뮤니케이션 능력입니다. 자신이 원하는 조건에 맞는 게임 팀원을 빠르게 찾을 수 있는 게임 팀원 매칭 서비스 프로젝트 팀장으로 1년간 활동하며, 개발자 및 디자이너와의 원활한 소통을 위해 글자 중심의 기획안이 아닌 화면 설계서 등의 시각적 요소 중심의 소통 수단을 도입하였습니다. 이를 통해 주간 개발 목표 달성률을 50%p 향상 하였고 그 결과, 교내 우수창업동아리 선정 및 18대 1의 경쟁률을 뚫고 교내 창업경진대회 결선 진출이라는 성과를 거두었습니다",문제 해결과 커뮤니케이션 능력은 업무에서 핵심적인 요소입니다. 자신이 가진 문제 해결과 커뮤니케이션 능력을 어떻게 코오롱글로텍에서의 업무에 적용하고 기여하고자 하는지 설명해주세요.
"프로젝트 초반 당시, 개발팀에 업무가 과도 하게 편중되는 문제에 직면했습니다. 글만 가득한 기획안을 보고 개발팀이 내용을 이해하는데 너 무 많은 시간과 노력이 소모되는 것이 주원인이었습니다. 이를 해결하기 위해, 개발팀이 기획 내 용을 직관적으로 이해할 수 있도록 기획 내용을 이미지 형태로 시각화하고 더 나아가 내용의 이 해를 돕기 위한 참고 이미지도 기획안에 첨부하였습니다. 또한, 개발팀 회의에도 항상 참여하여 서비스 기획 방향과 개발 및 구현 방식을 의논하고 공유함으로써 개발팀과 더욱 적극적인 업무 협력을 진행하였습니다. 이러한 노력 덕에 개발팀이 기획 내용 이해에 소비하는 시간과 노력이 크게 감소하였고 주간 개발 목표 달성률을 30%에서 80%로 향상함으로써 업무 효율성을 높일 수 있었습니다. 이를 통해 교내 우수창업동아리 선정 및 18대 1의 경쟁률을 뚫고 교내 창업경진대회 결선 진출 성공이라는 성과도 거두었습니다. 개발자 및 디자이너와의 1년간의 협업 경험을 통해 효율적인 협업의 시작은 정보를 전달 받는 상대방이 더 쉽게 이해할 수 있는 방법을 고민하는 것이라는 사실을 깨달았습니다.",개발팀과의 협업에서 기획 내용을 시각화하고 이미지로 첨부하여 이해를 돕는 방법은 어떻게 생각하고 적용하게 되었나요? 이로 인해 개발팀과의 소통과 업무 협력이 어떻게 변화되었나요?
"프로젝트 초반 당시, 개발팀에 업무가 과도 하게 편중되는 문제에 직면했습니다. 글만 가득한 기획안을 보고 개발팀이 내용을 이해하는데 너 무 많은 시간과 노력이 소모되는 것이 주원인이었습니다. 이를 해결하기 위해, 개발팀이 기획 내 용을 직관적으로 이해할 수 있도록 기획 내용을 이미지 형태로 시각화하고 더 나아가 내용의 이 해를 돕기 위한 참고 이미지도 기획안에 첨부하였습니다. 또한, 개발팀 회의에도 항상 참여하여 서비스 기획 방향과 개발 및 구현 방식을 의논하고 공유함으로써 개발팀과 더욱 적극적인 업무 협력을 진행하였습니다. 이러한 노력 덕에 개발팀이 기획 내용 이해에 소비하는 시간과 노력이 크게 감소하였고 주간 개발 목표 달성률을 30%에서 80%로 향상함으로써 업무 효율성을 높일 수 있었습니다. 이를 통해 교내 우수창업동아리 선정 및 18대 1의 경쟁률을 뚫고 교내 창업경진대회 결선 진출 성공이라는 성과도 거두었습니다. 개발자 및 디자이너와의 1년간의 협업 경험을 통해 효율적인 협업의 시작은 정보를 전달 받는 상대방이 더 쉽게 이해할 수 있는 방법을 고민하는 것이라는 사실을 깨달았습니다.","기획안에 이미지와 참고 이미지를 첨부한 결과, 개발팀의 이해가 향상되었고 주간 개발 목표 달성률이 크게 증가한 것으로 보입니다. 어떤 부분들이 개선되었기에 이러한 효과를 얻게 되었나요?"
"프로젝트 초반 당시, 개발팀에 업무가 과도 하게 편중되는 문제에 직면했습니다. 글만 가득한 기획안을 보고 개발팀이 내용을 이해하는데 너 무 많은 시간과 노력이 소모되는 것이 주원인이었습니다. 이를 해결하기 위해, 개발팀이 기획 내 용을 직관적으로 이해할 수 있도록 기획 내용을 이미지 형태로 시각화하고 더 나아가 내용의 이 해를 돕기 위한 참고 이미지도 기획안에 첨부하였습니다. 또한, 개발팀 회의에도 항상 참여하여 서비스 기획 방향과 개발 및 구현 방식을 의논하고 공유함으로써 개발팀과 더욱 적극적인 업무 협력을 진행하였습니다. 이러한 노력 덕에 개발팀이 기획 내용 이해에 소비하는 시간과 노력이 크게 감소하였고 주간 개발 목표 달성률을 30%에서 80%로 향상함으로써 업무 효율성을 높일 수 있었습니다. 이를 통해 교내 우수창업동아리 선정 및 18대 1의 경쟁률을 뚫고 교내 창업경진대회 결선 진출 성공이라는 성과도 거두었습니다. 개발자 및 디자이너와의 1년간의 협업 경험을 통해 효율적인 협업의 시작은 정보를 전달 받는 상대방이 더 쉽게 이해할 수 있는 방법을 고민하는 것이라는 사실을 깨달았습니다.",개발팀과의 회의 참여가 어떻게 진행되었고 어떤 주제들을 의논하고 공유하게 되었나요? 회의 참여를 통해 얻은 인사이트나 의견 조율에 대해 소개해주세요.
"프로젝트 초반 당시, 개발팀에 업무가 과도 하게 편중되는 문제에 직면했습니다. 글만 가득한 기획안을 보고 개발팀이 내용을 이해하는데 너 무 많은 시간과 노력이 소모되는 것이 주원인이었습니다. 이를 해결하기 위해, 개발팀이 기획 내 용을 직관적으로 이해할 수 있도록 기획 내용을 이미지 형태로 시각화하고 더 나아가 내용의 이 해를 돕기 위한 참고 이미지도 기획안에 첨부하였습니다. 또한, 개발팀 회의에도 항상 참여하여 서비스 기획 방향과 개발 및 구현 방식을 의논하고 공유함으로써 개발팀과 더욱 적극적인 업무 협력을 진행하였습니다. 이러한 노력 덕에 개발팀이 기획 내용 이해에 소비하는 시간과 노력이 크게 감소하였고 주간 개발 목표 달성률을 30%에서 80%로 향상함으로써 업무 효율성을 높일 수 있었습니다. 이를 통해 교내 우수창업동아리 선정 및 18대 1의 경쟁률을 뚫고 교내 창업경진대회 결선 진출 성공이라는 성과도 거두었습니다. 개발자 및 디자이너와의 1년간의 협업 경험을 통해 효율적인 협업의 시작은 정보를 전달 받는 상대방이 더 쉽게 이해할 수 있는 방법을 고민하는 것이라는 사실을 깨달았습니다.",주간 개발 목표 달성률이 크게 향상되었습니다. 이런 성과를 이루기 위해 특히 노력한 점이나 프로젝트 관리 방법에 대해 알려주세요.
"프로젝트 초반 당시, 개발팀에 업무가 과도 하게 편중되는 문제에 직면했습니다. 글만 가득한 기획안을 보고 개발팀이 내용을 이해하는데 너 무 많은 시간과 노력이 소모되는 것이 주원인이었습니다. 이를 해결하기 위해, 개발팀이 기획 내 용을 직관적으로 이해할 수 있도록 기획 내용을 이미지 형태로 시각화하고 더 나아가 내용의 이 해를 돕기 위한 참고 이미지도 기획안에 첨부하였습니다. 또한, 개발팀 회의에도 항상 참여하여 서비스 기획 방향과 개발 및 구현 방식을 의논하고 공유함으로써 개발팀과 더욱 적극적인 업무 협력을 진행하였습니다. 이러한 노력 덕에 개발팀이 기획 내용 이해에 소비하는 시간과 노력이 크게 감소하였고 주간 개발 목표 달성률을 30%에서 80%로 향상함으로써 업무 효율성을 높일 수 있었습니다. 이를 통해 교내 우수창업동아리 선정 및 18대 1의 경쟁률을 뚫고 교내 창업경진대회 결선 진출 성공이라는 성과도 거두었습니다. 개발자 및 디자이너와의 1년간의 협업 경험을 통해 효율적인 협업의 시작은 정보를 전달 받는 상대방이 더 쉽게 이해할 수 있는 방법을 고민하는 것이라는 사실을 깨달았습니다.",교내 우수창업동아리 선정과 교내 창업경진대회 결선 진출 성공은 매우 좋은 성과입니다. 이런 성과를 얻기 위해 동료들과의 협력 방식이나 리더십에 어떤 측면이 영향을 미쳤나요?
"프로젝트 초반 당시, 개발팀에 업무가 과도 하게 편중되는 문제에 직면했습니다. 글만 가득한 기획안을 보고 개발팀이 내용을 이해하는데 너 무 많은 시간과 노력이 소모되는 것이 주원인이었습니다. 이를 해결하기 위해, 개발팀이 기획 내 용을 직관적으로 이해할 수 있도록 기획 내용을 이미지 형태로 시각화하고 더 나아가 내용의 이 해를 돕기 위한 참고 이미지도 기획안에 첨부하였습니다. 또한, 개발팀 회의에도 항상 참여하여 서비스 기획 방향과 개발 및 구현 방식을 의논하고 공유함으로써 개발팀과 더욱 적극적인 업무 협력을 진행하였습니다. 이러한 노력 덕에 개발팀이 기획 내용 이해에 소비하는 시간과 노력이 크게 감소하였고 주간 개발 목표 달성률을 30%에서 80%로 향상함으로써 업무 효율성을 높일 수 있었습니다. 이를 통해 교내 우수창업동아리 선정 및 18대 1의 경쟁률을 뚫고 교내 창업경진대회 결선 진출 성공이라는 성과도 거두었습니다. 개발자 및 디자이너와의 1년간의 협업 경험을 통해 효율적인 협업의 시작은 정보를 전달 받는 상대방이 더 쉽게 이해할 수 있는 방법을 고민하는 것이라는 사실을 깨달았습니다.",개발자 및 디자이너와의 협업 경험을 통해 배운 교훈과 앞으로 코오롱글로텍에서도 동료들과 원활한 소통과 협업을 이루기 위해 어떤 노력을 하고자 합니까?
"User
저는 카카오게임즈가 플레이 스토어의 이러한 불편함을 대신 해결함으로써 차별화되는 경쟁력을 갖출 수 있다고 확신합니다. 해외 게임사가 현지 버전의 게임을 쉽게 카카오게임즈에 셀프 퍼블리싱 하고 이용자가 이를 플랫폼 내에서 바로 다운로드할 수 있도록 함으로써, 게임사와 플랫폼사는 각각 다음과 같은 긍정적 효과를 얻을 수 있습니다. 게임사는 카카오의 방대한 국내 유저풀을 활용해 게임으로의 접근성을 높일 수 있습니다. 그리고 플랫폼사는 해당 게임에 대한 국내 수요 규모 등 추후 현지화를 포함한 정식 퍼블리싱 사업 진행 여부 판단을 위한 데이터를 미리 확보할 수 있습니다. 이 같은 카카오게임즈의 글로벌 통합 게임 플랫폼을 향한 여정에 저의 강점인 ‘목표 달성 능력’과 ‘협업 능력’을 적극 활용하여 날개를 달아 줄 수 있는 서비스 기획자로 거듭나겠습니다.",카카오게임즈의 글로벌 통합 게임 플랫폼을 구축하는데에 있어서 어떤 구체적인 방법과 전략을 생각하고 있나요?
"User
저는 카카오게임즈가 플레이 스토어의 이러한 불편함을 대신 해결함으로써 차별화되는 경쟁력을 갖출 수 있다고 확신합니다. 해외 게임사가 현지 버전의 게임을 쉽게 카카오게임즈에 셀프 퍼블리싱 하고 이용자가 이를 플랫폼 내에서 바로 다운로드할 수 있도록 함으로써, 게임사와 플랫폼사는 각각 다음과 같은 긍정적 효과를 얻을 수 있습니다. 게임사는 카카오의 방대한 국내 유저풀을 활용해 게임으로의 접근성을 높일 수 있습니다. 그리고 플랫폼사는 해당 게임에 대한 국내 수요 규모 등 추후 현지화를 포함한 정식 퍼블리싱 사업 진행 여부 판단을 위한 데이터를 미리 확보할 수 있습니다. 이 같은 카카오게임즈의 글로벌 통합 게임 플랫폼을 향한 여정에 저의 강점인 ‘목표 달성 능력’과 ‘협업 능력’을 적극 활용하여 날개를 달아 줄 수 있는 서비스 기획자로 거듭나겠습니다.",해외 게임사와의 협업을 통해 게임을 쉽게 카카오게임즈에 셀프 퍼블리싱하고 이용자에게 바로 다운로드 가능하게 하는데에는 어떤 어려움이나 고려해야 할 사항이 있을까요?
"User
저는 카카오게임즈가 플레이 스토어의 이러한 불편함을 대신 해결함으로써 차별화되는 경쟁력을 갖출 수 있다고 확신합니다. 해외 게임사가 현지 버전의 게임을 쉽게 카카오게임즈에 셀프 퍼블리싱 하고 이용자가 이를 플랫폼 내에서 바로 다운로드할 수 있도록 함으로써, 게임사와 플랫폼사는 각각 다음과 같은 긍정적 효과를 얻을 수 있습니다. 게임사는 카카오의 방대한 국내 유저풀을 활용해 게임으로의 접근성을 높일 수 있습니다. 그리고 플랫폼사는 해당 게임에 대한 국내 수요 규모 등 추후 현지화를 포함한 정식 퍼블리싱 사업 진행 여부 판단을 위한 데이터를 미리 확보할 수 있습니다. 이 같은 카카오게임즈의 글로벌 통합 게임 플랫폼을 향한 여정에 저의 강점인 ‘목표 달성 능력’과 ‘협업 능력’을 적극 활용하여 날개를 달아 줄 수 있는 서비스 기획자로 거듭나겠습니다.","글로벌 통합 게임 플랫폼을 구축하면서 발생할 수 있는 다양한 국가별 법률, 문화, 언어 등의 차이로 인한 어려움에 대비한 계획이 있나요?"
"User
저는 카카오게임즈가 플레이 스토어의 이러한 불편함을 대신 해결함으로써 차별화되는 경쟁력을 갖출 수 있다고 확신합니다. 해외 게임사가 현지 버전의 게임을 쉽게 카카오게임즈에 셀프 퍼블리싱 하고 이용자가 이를 플랫폼 내에서 바로 다운로드할 수 있도록 함으로써, 게임사와 플랫폼사는 각각 다음과 같은 긍정적 효과를 얻을 수 있습니다. 게임사는 카카오의 방대한 국내 유저풀을 활용해 게임으로의 접근성을 높일 수 있습니다. 그리고 플랫폼사는 해당 게임에 대한 국내 수요 규모 등 추후 현지화를 포함한 정식 퍼블리싱 사업 진행 여부 판단을 위한 데이터를 미리 확보할 수 있습니다. 이 같은 카카오게임즈의 글로벌 통합 게임 플랫폼을 향한 여정에 저의 강점인 ‘목표 달성 능력’과 ‘협업 능력’을 적극 활용하여 날개를 달아 줄 수 있는 서비스 기획자로 거듭나겠습니다.",'목표 달성 능력'과 '협업 능력'을 강점으로 어떻게 활용하여 서비스 기획자로서 글로벌 통합 게임 플랫폼의 구축에 기여하고 싶은지 자세히 설명해주세요.
"User
저는 카카오게임즈가 플레이 스토어의 이러한 불편함을 대신 해결함으로써 차별화되는 경쟁력을 갖출 수 있다고 확신합니다. 해외 게임사가 현지 버전의 게임을 쉽게 카카오게임즈에 셀프 퍼블리싱 하고 이용자가 이를 플랫폼 내에서 바로 다운로드할 수 있도록 함으로써, 게임사와 플랫폼사는 각각 다음과 같은 긍정적 효과를 얻을 수 있습니다. 게임사는 카카오의 방대한 국내 유저풀을 활용해 게임으로의 접근성을 높일 수 있습니다. 그리고 플랫폼사는 해당 게임에 대한 국내 수요 규모 등 추후 현지화를 포함한 정식 퍼블리싱 사업 진행 여부 판단을 위한 데이터를 미리 확보할 수 있습니다. 이 같은 카카오게임즈의 글로벌 통합 게임 플랫폼을 향한 여정에 저의 강점인 ‘목표 달성 능력’과 ‘협업 능력’을 적극 활용하여 날개를 달아 줄 수 있는 서비스 기획자로 거듭나겠습니다.",카카오게임즈의 글로벌 통합 게임 플랫폼을 구축하면서 예상되는 문제 상황들에 대해서 어떻게 대응할 계획인지 소개해주세요.
"User
저는 카카오게임즈가 플레이 스토어의 이러한 불편함을 대신 해결함으로써 차별화되는 경쟁력을 갖출 수 있다고 확신합니다. 해외 게임사가 현지 버전의 게임을 쉽게 카카오게임즈에 셀프 퍼블리싱 하고 이용자가 이를 플랫폼 내에서 바로 다운로드할 수 있도록 함으로써, 게임사와 플랫폼사는 각각 다음과 같은 긍정적 효과를 얻을 수 있습니다. 게임사는 카카오의 방대한 국내 유저풀을 활용해 게임으로의 접근성을 높일 수 있습니다. 그리고 플랫폼사는 해당 게임에 대한 국내 수요 규모 등 추후 현지화를 포함한 정식 퍼블리싱 사업 진행 여부 판단을 위한 데이터를 미리 확보할 수 있습니다. 이 같은 카카오게임즈의 글로벌 통합 게임 플랫폼을 향한 여정에 저의 강점인 ‘목표 달성 능력’과 ‘협업 능력’을 적극 활용하여 날개를 달아 줄 수 있는 서비스 기획자로 거듭나겠습니다.","기존의 플랫폼과의 경쟁에서 어떤 차별화된 전략을 가지고 있고, 그것이 성공적일 것으로 기대하는 이유가 무엇인지 말씀해주세요"
"대학생 시절, 저는 AI 개발을 공부해보자는 다짐을 가지고 수상을 목표로 대회에 출전하였습니다. AI 알고리즘 코드를 짜본 경험이 없었기 때문에 대회 진행에 어려움을 겪었습니다. 그리하여 AI 개발에 능숙하신 교수님과 선배님들에게 이메일을 보내 적극적으로 도움을 요청하였습니다. 또한, 대회와 관련된 교내의 모든 AI 서적과 깃헙의 코드를 공부하면서 코드를 완성하였습니다. 하지만 수상을 목표로 출전한 대회에서는 입상도 하지 못하였습니다.
하지만 실패에 낙담하지 않고 뭐든지 할 수 있다는 믿음으로 대회에 다시 출전하였습니다. 팀원을 모아 다양한 시각을 통해 문제를 극복하고, 정기적으로 교수님에게 첨삭을 받으면서 프로젝트의 방향성이 맞는 지를 확인했습니다. 1년 동안 같은 데이터로 꾸준히 연구한 결과를 논문으로 구체화하였고, 그 결과 대회에서 최우수상을 받을 수 있었습니다. 1년의 프로젝트에서 지치지 않고 좋은 성과를 만들어낸 경험을 토대로 SK텔레콤에서 추진력을 발휘하여 최고의 결과를 낼 수 있도록 기여하고 싶습니다.","AI 개발 대회에서 처음으로 수상하지 못한 경험은 어떤 감정과 반응을 느꼈나요? 그 상황에서 어떻게 자신을 다독였고, 다시 도전하는 결심을 하게 되었나요?"
"대학생 시절, 저는 AI 개발을 공부해보자는 다짐을 가지고 수상을 목표로 대회에 출전하였습니다. AI 알고리즘 코드를 짜본 경험이 없었기 때문에 대회 진행에 어려움을 겪었습니다. 그리하여 AI 개발에 능숙하신 교수님과 선배님들에게 이메일을 보내 적극적으로 도움을 요청하였습니다. 또한, 대회와 관련된 교내의 모든 AI 서적과 깃헙의 코드를 공부하면서 코드를 완성하였습니다. 하지만 수상을 목표로 출전한 대회에서는 입상도 하지 못하였습니다.
하지만 실패에 낙담하지 않고 뭐든지 할 수 있다는 믿음으로 대회에 다시 출전하였습니다. 팀원을 모아 다양한 시각을 통해 문제를 극복하고, 정기적으로 교수님에게 첨삭을 받으면서 프로젝트의 방향성이 맞는 지를 확인했습니다. 1년 동안 같은 데이터로 꾸준히 연구한 결과를 논문으로 구체화하였고, 그 결과 대회에서 최우수상을 받을 수 있었습니다. 1년의 프로젝트에서 지치지 않고 좋은 성과를 만들어낸 경험을 토대로 SK텔레콤에서 추진력을 발휘하여 최고의 결과를 낼 수 있도록 기여하고 싶습니다.","실패를 겪은 후, 두 번째 출전에는 어떻게 준비를 다르게 하였고, 어떤 점이 성공에 도움이 되었다고 생각하시나요?"
"대학생 시절, 저는 AI 개발을 공부해보자는 다짐을 가지고 수상을 목표로 대회에 출전하였습니다. AI 알고리즘 코드를 짜본 경험이 없었기 때문에 대회 진행에 어려움을 겪었습니다. 그리하여 AI 개발에 능숙하신 교수님과 선배님들에게 이메일을 보내 적극적으로 도움을 요청하였습니다. 또한, 대회와 관련된 교내의 모든 AI 서적과 깃헙의 코드를 공부하면서 코드를 완성하였습니다. 하지만 수상을 목표로 출전한 대회에서는 입상도 하지 못하였습니다.
하지만 실패에 낙담하지 않고 뭐든지 할 수 있다는 믿음으로 대회에 다시 출전하였습니다. 팀원을 모아 다양한 시각을 통해 문제를 극복하고, 정기적으로 교수님에게 첨삭을 받으면서 프로젝트의 방향성이 맞는 지를 확인했습니다. 1년 동안 같은 데이터로 꾸준히 연구한 결과를 논문으로 구체화하였고, 그 결과 대회에서 최우수상을 받을 수 있었습니다. 1년의 프로젝트에서 지치지 않고 좋은 성과를 만들어낸 경험을 토대로 SK텔레콤에서 추진력을 발휘하여 최고의 결과를 낼 수 있도록 기여하고 싶습니다.","팀원들과 함께 다양한 시각을 통해 문제를 극복했다고 하셨는데, 그 과정에서의 협업 방식이나 의사소통 방법에 대해 자세히 알려주세요."
"대학생 시절, 저는 AI 개발을 공부해보자는 다짐을 가지고 수상을 목표로 대회에 출전하였습니다. AI 알고리즘 코드를 짜본 경험이 없었기 때문에 대회 진행에 어려움을 겪었습니다. 그리하여 AI 개발에 능숙하신 교수님과 선배님들에게 이메일을 보내 적극적으로 도움을 요청하였습니다. 또한, 대회와 관련된 교내의 모든 AI 서적과 깃헙의 코드를 공부하면서 코드를 완성하였습니다. 하지만 수상을 목표로 출전한 대회에서는 입상도 하지 못하였습니다.
하지만 실패에 낙담하지 않고 뭐든지 할 수 있다는 믿음으로 대회에 다시 출전하였습니다. 팀원을 모아 다양한 시각을 통해 문제를 극복하고, 정기적으로 교수님에게 첨삭을 받으면서 프로젝트의 방향성이 맞는 지를 확인했습니다. 1년 동안 같은 데이터로 꾸준히 연구한 결과를 논문으로 구체화하였고, 그 결과 대회에서 최우수상을 받을 수 있었습니다. 1년의 프로젝트에서 지치지 않고 좋은 성과를 만들어낸 경험을 토대로 SK텔레콤에서 추진력을 발휘하여 최고의 결과를 낼 수 있도록 기여하고 싶습니다.","대회에서 최우수상을 받을 수 있었던 논문 작성 및 구체화 과정에서 어떤 어려움이 있었고, 어떻게 극복하셨나요?"
"대학생 시절, 저는 AI 개발을 공부해보자는 다짐을 가지고 수상을 목표로 대회에 출전하였습니다. AI 알고리즘 코드를 짜본 경험이 없었기 때문에 대회 진행에 어려움을 겪었습니다. 그리하여 AI 개발에 능숙하신 교수님과 선배님들에게 이메일을 보내 적극적으로 도움을 요청하였습니다. 또한, 대회와 관련된 교내의 모든 AI 서적과 깃헙의 코드를 공부하면서 코드를 완성하였습니다. 하지만 수상을 목표로 출전한 대회에서는 입상도 하지 못하였습니다.
하지만 실패에 낙담하지 않고 뭐든지 할 수 있다는 믿음으로 대회에 다시 출전하였습니다. 팀원을 모아 다양한 시각을 통해 문제를 극복하고, 정기적으로 교수님에게 첨삭을 받으면서 프로젝트의 방향성이 맞는 지를 확인했습니다. 1년 동안 같은 데이터로 꾸준히 연구한 결과를 논문으로 구체화하였고, 그 결과 대회에서 최우수상을 받을 수 있었습니다. 1년의 프로젝트에서 지치지 않고 좋은 성과를 만들어낸 경험을 토대로 SK텔레콤에서 추진력을 발휘하여 최고의 결과를 낼 수 있도록 기여하고 싶습니다.",이러한 경험을 바탕으로 SK텔레콤에서 추진력을 발휘하여 최고의 결과를 내기 위해 어떤 점에 집중하고 싶으신가요?
"대학생 시절, 저는 AI 개발을 공부해보자는 다짐을 가지고 수상을 목표로 대회에 출전하였습니다. AI 알고리즘 코드를 짜본 경험이 없었기 때문에 대회 진행에 어려움을 겪었습니다. 그리하여 AI 개발에 능숙하신 교수님과 선배님들에게 이메일을 보내 적극적으로 도움을 요청하였습니다. 또한, 대회와 관련된 교내의 모든 AI 서적과 깃헙의 코드를 공부하면서 코드를 완성하였습니다. 하지만 수상을 목표로 출전한 대회에서는 입상도 하지 못하였습니다.
하지만 실패에 낙담하지 않고 뭐든지 할 수 있다는 믿음으로 대회에 다시 출전하였습니다. 팀원을 모아 다양한 시각을 통해 문제를 극복하고, 정기적으로 교수님에게 첨삭을 받으면서 프로젝트의 방향성이 맞는 지를 확인했습니다. 1년 동안 같은 데이터로 꾸준히 연구한 결과를 논문으로 구체화하였고, 그 결과 대회에서 최우수상을 받을 수 있었습니다. 1년의 프로젝트에서 지치지 않고 좋은 성과를 만들어낸 경험을 토대로 SK텔레콤에서 추진력을 발휘하여 최고의 결과를 낼 수 있도록 기여하고 싶습니다.","SK텔레콤에서 어떤 분야에서 활동하고 싶으며, 그 분야에서 어떤 도전과제를 예상하고 있으며, 어떤 기여를 하고 싶으신가요?"
"전선 탐지 알고리즘 제작 프로젝트를 진행할 당시, AI 알고리즘이 촬영한 사진의 빛 번짐으로 인해 전선을 제대로 탐지하지 못하는 문제가 발생했습니다. 이를 해결하기 위한 회의 과정에서 빛 번짐을 제거할 수 있는 코드를 적용하여 데이터를 전처리 하자는 의견이 나왔습니다. 하지만 촬영한 데이터를 후처리하는 방식보다는 촬영 시에 빛 번짐이 덜한 종이를 뒤에 받쳐 찍으면 더 단순한 방식으로 문제를 해결할 수 있다고 생각했습니다. 그리하여 근처 문구점에서 하드보드지를 사 와서 빛 번짐이 발생하는지 테스트 해본 다음 해당 사진을 근거로 재촬영을 제안했습니다.
결과적으로 물체를 탐지하는 데 걸리는 시간을 최소화할 수 있었고 정확도가 20% 이상 향상 하는 성과를 달성할 수 있었습니다. 또한, 외주사에서 제시한 정확도를 달성하여 프로젝트를 진행할 수 있었습니다. 근본적으로 문제를 해결하려는 마음가짐으로 문제 해결을 위한 가장 효과적이고 단순한 방법을 고안하여 좋은 성과를 낼 수 있었습니다.",문제 해결에 있어서 단순한 방법을 선택한 이유는 무엇이었나요? 다른 방법들보다 단순한 방법을 택했을 때의 장단점은 무엇이었나요?
"전선 탐지 알고리즘 제작 프로젝트를 진행할 당시, AI 알고리즘이 촬영한 사진의 빛 번짐으로 인해 전선을 제대로 탐지하지 못하는 문제가 발생했습니다. 이를 해결하기 위한 회의 과정에서 빛 번짐을 제거할 수 있는 코드를 적용하여 데이터를 전처리 하자는 의견이 나왔습니다. 하지만 촬영한 데이터를 후처리하는 방식보다는 촬영 시에 빛 번짐이 덜한 종이를 뒤에 받쳐 찍으면 더 단순한 방식으로 문제를 해결할 수 있다고 생각했습니다. 그리하여 근처 문구점에서 하드보드지를 사 와서 빛 번짐이 발생하는지 테스트 해본 다음 해당 사진을 근거로 재촬영을 제안했습니다.
결과적으로 물체를 탐지하는 데 걸리는 시간을 최소화할 수 있었고 정확도가 20% 이상 향상 하는 성과를 달성할 수 있었습니다. 또한, 외주사에서 제시한 정확도를 달성하여 프로젝트를 진행할 수 있었습니다. 근본적으로 문제를 해결하려는 마음가짐으로 문제 해결을 위한 가장 효과적이고 단순한 방법을 고안하여 좋은 성과를 낼 수 있었습니다.",빛 번짐 문제를 해결하기 위해 하드보드지를 사용하는 아이디어를 떠올리게 된 계기와 과정에 대해 설명해주세요. 이러한 아이디어를 찾아낸 과정에서 어떤 고려 사항들이 있었나요?
"전선 탐지 알고리즘 제작 프로젝트를 진행할 당시, AI 알고리즘이 촬영한 사진의 빛 번짐으로 인해 전선을 제대로 탐지하지 못하는 문제가 발생했습니다. 이를 해결하기 위한 회의 과정에서 빛 번짐을 제거할 수 있는 코드를 적용하여 데이터를 전처리 하자는 의견이 나왔습니다. 하지만 촬영한 데이터를 후처리하는 방식보다는 촬영 시에 빛 번짐이 덜한 종이를 뒤에 받쳐 찍으면 더 단순한 방식으로 문제를 해결할 수 있다고 생각했습니다. 그리하여 근처 문구점에서 하드보드지를 사 와서 빛 번짐이 발생하는지 테스트 해본 다음 해당 사진을 근거로 재촬영을 제안했습니다.
결과적으로 물체를 탐지하는 데 걸리는 시간을 최소화할 수 있었고 정확도가 20% 이상 향상 하는 성과를 달성할 수 있었습니다. 또한, 외주사에서 제시한 정확도를 달성하여 프로젝트를 진행할 수 있었습니다. 근본적으로 문제를 해결하려는 마음가짐으로 문제 해결을 위한 가장 효과적이고 단순한 방법을 고안하여 좋은 성과를 낼 수 있었습니다.",단순한 방법을 통해 문제를 해결하고 성과를 달성한 경험이 미친 영향이 있을 만한 다른 프로젝트나 상황이 있을까요? 해당 경험이 미친 영향에 대해 알려주세요.
"전선 탐지 알고리즘 제작 프로젝트를 진행할 당시, AI 알고리즘이 촬영한 사진의 빛 번짐으로 인해 전선을 제대로 탐지하지 못하는 문제가 발생했습니다. 이를 해결하기 위한 회의 과정에서 빛 번짐을 제거할 수 있는 코드를 적용하여 데이터를 전처리 하자는 의견이 나왔습니다. 하지만 촬영한 데이터를 후처리하는 방식보다는 촬영 시에 빛 번짐이 덜한 종이를 뒤에 받쳐 찍으면 더 단순한 방식으로 문제를 해결할 수 있다고 생각했습니다. 그리하여 근처 문구점에서 하드보드지를 사 와서 빛 번짐이 발생하는지 테스트 해본 다음 해당 사진을 근거로 재촬영을 제안했습니다.
결과적으로 물체를 탐지하는 데 걸리는 시간을 최소화할 수 있었고 정확도가 20% 이상 향상 하는 성과를 달성할 수 있었습니다. 또한, 외주사에서 제시한 정확도를 달성하여 프로젝트를 진행할 수 있었습니다. 근본적으로 문제를 해결하려는 마음가짐으로 문제 해결을 위한 가장 효과적이고 단순한 방법을 고안하여 좋은 성과를 낼 수 있었습니다.","프로젝트를 진행하면서 발생한 어려움이나 예상치 못한 상황이 있었다면, 그 상황을 어떻게 극복하셨나요?"
"전선 탐지 알고리즘 제작 프로젝트를 진행할 당시, AI 알고리즘이 촬영한 사진의 빛 번짐으로 인해 전선을 제대로 탐지하지 못하는 문제가 발생했습니다. 이를 해결하기 위한 회의 과정에서 빛 번짐을 제거할 수 있는 코드를 적용하여 데이터를 전처리 하자는 의견이 나왔습니다. 하지만 촬영한 데이터를 후처리하는 방식보다는 촬영 시에 빛 번짐이 덜한 종이를 뒤에 받쳐 찍으면 더 단순한 방식으로 문제를 해결할 수 있다고 생각했습니다. 그리하여 근처 문구점에서 하드보드지를 사 와서 빛 번짐이 발생하는지 테스트 해본 다음 해당 사진을 근거로 재촬영을 제안했습니다.
결과적으로 물체를 탐지하는 데 걸리는 시간을 최소화할 수 있었고 정확도가 20% 이상 향상 하는 성과를 달성할 수 있었습니다. 또한, 외주사에서 제시한 정확도를 달성하여 프로젝트를 진행할 수 있었습니다. 근본적으로 문제를 해결하려는 마음가짐으로 문제 해결을 위한 가장 효과적이고 단순한 방법을 고안하여 좋은 성과를 낼 수 있었습니다.",이러한 경험을 통해 앞으로 어떤 상황에서든지 단순한 방법을 찾아내고 문제를 해결하는 데 더욱 적극적으로 활용하고 싶은 이유가 있을까요? 이를 통해 어떤 변화를 이루고 싶으신가요?
"어린 시절부터 뚜렷한 목표의식을 미덕으로 생각했습니다. 목표를 이루기 위해 계획을 세우고, 차근차근 계획을 실천하여 목표를 성취해내는 과정이 즐거웠습니다. 그러나 대학에 진학하고서는 상황이 달라졌습니다. 원하던 학과에 진학하지 못한 터라, 통계학을 왜 공부해야 하는지 동기 부여가 되지 않았습니다. 목표의식을 회복한 계기는 멘토링 봉사였습니다. 성적을 고민하는 학생들을 상담해주며 '틀을 깨고 자신을 바라봐야 한다'는 조언을 건넸습니다. 저 스스로에게도 깨달음을 주는 시간이었습니다. '적성에 맞지 않는다'는 틀 안에 갇혀 의미를 찾고자 노력하지 않았던 제 모습을 반성하는 계기가 되었습니다.
깨달음 후에 내린 선택은 부딪힘이었습니다. AI 개발을 공부해보자는 다짐으로 AI 대회에 참가하였습니다. 일 년 동안 같은 데이터로 AI 개발을 공부하며 다양한 알고리즘을 공부했습니다. 대회 참여는 AI 엔지니어가 되자는 목표를 세우는 계기가 되었습니다. 연구한 내용을 바탕으로 참여한 논문대회에서 수상의 영예를 안는 동시에, 평생 공부하고 싶은 저만의 데이터 취향을 발견할 수 있었습니다. 이를 바탕으로 Vision AI 스타트업에서 댐 손상 탐지 프로그램의 데이터 전처리부터 프로그램 개발까지 성공적으로 마무리하여 후속 계약까지 달성할 수 있었습니다.
","어린 시절부터 뚜렷한 목표의식을 갖고 계획을 세우고 실천하는 것을 즐거워했다고 말씀하셨는데, 목표를 달성하는 과정에서 가장 기억에 남는 순간이나 경험이 어떤 것이 있으신가요?"
"어린 시절부터 뚜렷한 목표의식을 미덕으로 생각했습니다. 목표를 이루기 위해 계획을 세우고, 차근차근 계획을 실천하여 목표를 성취해내는 과정이 즐거웠습니다. 그러나 대학에 진학하고서는 상황이 달라졌습니다. 원하던 학과에 진학하지 못한 터라, 통계학을 왜 공부해야 하는지 동기 부여가 되지 않았습니다. 목표의식을 회복한 계기는 멘토링 봉사였습니다. 성적을 고민하는 학생들을 상담해주며 '틀을 깨고 자신을 바라봐야 한다'는 조언을 건넸습니다. 저 스스로에게도 깨달음을 주는 시간이었습니다. '적성에 맞지 않는다'는 틀 안에 갇혀 의미를 찾고자 노력하지 않았던 제 모습을 반성하는 계기가 되었습니다.
깨달음 후에 내린 선택은 부딪힘이었습니다. AI 개발을 공부해보자는 다짐으로 AI 대회에 참가하였습니다. 일 년 동안 같은 데이터로 AI 개발을 공부하며 다양한 알고리즘을 공부했습니다. 대회 참여는 AI 엔지니어가 되자는 목표를 세우는 계기가 되었습니다. 연구한 내용을 바탕으로 참여한 논문대회에서 수상의 영예를 안는 동시에, 평생 공부하고 싶은 저만의 데이터 취향을 발견할 수 있었습니다. 이를 바탕으로 Vision AI 스타트업에서 댐 손상 탐지 프로그램의 데이터 전처리부터 프로그램 개발까지 성공적으로 마무리하여 후속 계약까지 달성할 수 있었습니다.
",대학 진학 후 통계학을 공부하는 것에 대한 동기 부여가 되지 않았던 이유는 무엇이었나요? 그리고 멘토링 봉사를 통해 '틀을 깨고 자신을 바라봐야 한다'는 깨달음을 어떻게 얻게 되었나요?
"어린 시절부터 뚜렷한 목표의식을 미덕으로 생각했습니다. 목표를 이루기 위해 계획을 세우고, 차근차근 계획을 실천하여 목표를 성취해내는 과정이 즐거웠습니다. 그러나 대학에 진학하고서는 상황이 달라졌습니다. 원하던 학과에 진학하지 못한 터라, 통계학을 왜 공부해야 하는지 동기 부여가 되지 않았습니다. 목표의식을 회복한 계기는 멘토링 봉사였습니다. 성적을 고민하는 학생들을 상담해주며 '틀을 깨고 자신을 바라봐야 한다'는 조언을 건넸습니다. 저 스스로에게도 깨달음을 주는 시간이었습니다. '적성에 맞지 않는다'는 틀 안에 갇혀 의미를 찾고자 노력하지 않았던 제 모습을 반성하는 계기가 되었습니다.
깨달음 후에 내린 선택은 부딪힘이었습니다. AI 개발을 공부해보자는 다짐으로 AI 대회에 참가하였습니다. 일 년 동안 같은 데이터로 AI 개발을 공부하며 다양한 알고리즘을 공부했습니다. 대회 참여는 AI 엔지니어가 되자는 목표를 세우는 계기가 되었습니다. 연구한 내용을 바탕으로 참여한 논문대회에서 수상의 영예를 안는 동시에, 평생 공부하고 싶은 저만의 데이터 취향을 발견할 수 있었습니다. 이를 바탕으로 Vision AI 스타트업에서 댐 손상 탐지 프로그램의 데이터 전처리부터 프로그램 개발까지 성공적으로 마무리하여 후속 계약까지 달성할 수 있었습니다.
",AI 대회에 참가하여 AI 개발을 공부하며 데이터 취향을 발견하고자 한 경험에 대해 자세히 설명해주세요. 이 경험이 어떻게 후속 계획에 영향을 미쳤나요?
"어린 시절부터 뚜렷한 목표의식을 미덕으로 생각했습니다. 목표를 이루기 위해 계획을 세우고, 차근차근 계획을 실천하여 목표를 성취해내는 과정이 즐거웠습니다. 그러나 대학에 진학하고서는 상황이 달라졌습니다. 원하던 학과에 진학하지 못한 터라, 통계학을 왜 공부해야 하는지 동기 부여가 되지 않았습니다. 목표의식을 회복한 계기는 멘토링 봉사였습니다. 성적을 고민하는 학생들을 상담해주며 '틀을 깨고 자신을 바라봐야 한다'는 조언을 건넸습니다. 저 스스로에게도 깨달음을 주는 시간이었습니다. '적성에 맞지 않는다'는 틀 안에 갇혀 의미를 찾고자 노력하지 않았던 제 모습을 반성하는 계기가 되었습니다.
깨달음 후에 내린 선택은 부딪힘이었습니다. AI 개발을 공부해보자는 다짐으로 AI 대회에 참가하였습니다. 일 년 동안 같은 데이터로 AI 개발을 공부하며 다양한 알고리즘을 공부했습니다. 대회 참여는 AI 엔지니어가 되자는 목표를 세우는 계기가 되었습니다. 연구한 내용을 바탕으로 참여한 논문대회에서 수상의 영예를 안는 동시에, 평생 공부하고 싶은 저만의 데이터 취향을 발견할 수 있었습니다. 이를 바탕으로 Vision AI 스타트업에서 댐 손상 탐지 프로그램의 데이터 전처리부터 프로그램 개발까지 성공적으로 마무리하여 후속 계약까지 달성할 수 있었습니다.
",AI 대회 참가와 Vision AI 스타트업에서의 프로젝트 진행과정에서 어떤 어려움이 있었나요? 그 어려움을 어떻게 극복하였으며 어떤 학습과 성장을 이끌어냈나요?
"어린 시절부터 뚜렷한 목표의식을 미덕으로 생각했습니다. 목표를 이루기 위해 계획을 세우고, 차근차근 계획을 실천하여 목표를 성취해내는 과정이 즐거웠습니다. 그러나 대학에 진학하고서는 상황이 달라졌습니다. 원하던 학과에 진학하지 못한 터라, 통계학을 왜 공부해야 하는지 동기 부여가 되지 않았습니다. 목표의식을 회복한 계기는 멘토링 봉사였습니다. 성적을 고민하는 학생들을 상담해주며 '틀을 깨고 자신을 바라봐야 한다'는 조언을 건넸습니다. 저 스스로에게도 깨달음을 주는 시간이었습니다. '적성에 맞지 않는다'는 틀 안에 갇혀 의미를 찾고자 노력하지 않았던 제 모습을 반성하는 계기가 되었습니다.
깨달음 후에 내린 선택은 부딪힘이었습니다. AI 개발을 공부해보자는 다짐으로 AI 대회에 참가하였습니다. 일 년 동안 같은 데이터로 AI 개발을 공부하며 다양한 알고리즘을 공부했습니다. 대회 참여는 AI 엔지니어가 되자는 목표를 세우는 계기가 되었습니다. 연구한 내용을 바탕으로 참여한 논문대회에서 수상의 영예를 안는 동시에, 평생 공부하고 싶은 저만의 데이터 취향을 발견할 수 있었습니다. 이를 바탕으로 Vision AI 스타트업에서 댐 손상 탐지 프로그램의 데이터 전처리부터 프로그램 개발까지 성공적으로 마무리하여 후속 계약까지 달성할 수 있었습니다.
",앞으로의 목표 달성을 위해 뚜렷한 목표의식과 꾸준한 노력이 중요하다고 생각합니다. 앞으로 어떤 분야에서 뚜렷한 목표를 세우고 어떤 방식으로 그 목표를 달성하고자 하시나요?
"AI 스타트업 인턴 당시, AI 소프트웨어 개발 업무를 직접 진행하면서 처음으로 프로그램 개발에 도전했던 경험이 있습니다.
응용 프로그램 개발을 하면서 CS 지식의 부족함과 프로그래밍 언어 활용의 미숙함으로 고민이 많았습니다. 하지만 새로운 분야는 충분한 시간과 노력을 들이면 정복할 수 있다는 생각으로 업무 시간이 끝나면 회사에 남아 부족한 지식을 채워갔습니다. 기존 코드를 클론 코딩하면서 전체 코드의 흐름과 개발 툴을 익혀갔고, 자료구조도 틈틈이 공부하며 더 효율적인 코드가 뭔지 생각하고 또 생각하며 프로젝트를 완성하였습니다. 또한, 프론트엔드 개발 경험이 많은 동료와 선배님에게 적극적으로 도움을 요청하였습니다. 그 결과 큰 규모의 외주 프로젝트를 성공적으로 마무리하여 후속 프로젝트도 계약하는 성과를 이룰 수 있었습니다.
이를 통해 새로운 영역에 대한 두려움을 버리고 뒤처진 만큼 더 시간을 들이고 노력한다면 불가능은 없다는 것을 느꼈습니다.","AI 소프트웨어 개발 업무에 도전하면서 CS 지식과 프로그래밍 언어 활용에 대한 부족함을 극복하기 위해 어떤 방법을 사용하셨나요? 어떤 자료나 학습 방법을 통해 개선하였고, 그 결과 어떤 성장을 이끌어냈나요?"
"AI 스타트업 인턴 당시, AI 소프트웨어 개발 업무를 직접 진행하면서 처음으로 프로그램 개발에 도전했던 경험이 있습니다.
응용 프로그램 개발을 하면서 CS 지식의 부족함과 프로그래밍 언어 활용의 미숙함으로 고민이 많았습니다. 하지만 새로운 분야는 충분한 시간과 노력을 들이면 정복할 수 있다는 생각으로 업무 시간이 끝나면 회사에 남아 부족한 지식을 채워갔습니다. 기존 코드를 클론 코딩하면서 전체 코드의 흐름과 개발 툴을 익혀갔고, 자료구조도 틈틈이 공부하며 더 효율적인 코드가 뭔지 생각하고 또 생각하며 프로젝트를 완성하였습니다. 또한, 프론트엔드 개발 경험이 많은 동료와 선배님에게 적극적으로 도움을 요청하였습니다. 그 결과 큰 규모의 외주 프로젝트를 성공적으로 마무리하여 후속 프로젝트도 계약하는 성과를 이룰 수 있었습니다.
이를 통해 새로운 영역에 대한 두려움을 버리고 뒤처진 만큼 더 시간을 들이고 노력한다면 불가능은 없다는 것을 느꼈습니다.","처음 프로그램 개발에 도전하는 과정에서 어떤 어려움을 겪으셨나요? 그 어려움을 극복하기 위해 어떤 노력을 기울였으며, 어떤 도움을 받았나요?"
"AI 스타트업 인턴 당시, AI 소프트웨어 개발 업무를 직접 진행하면서 처음으로 프로그램 개발에 도전했던 경험이 있습니다.
응용 프로그램 개발을 하면서 CS 지식의 부족함과 프로그래밍 언어 활용의 미숙함으로 고민이 많았습니다. 하지만 새로운 분야는 충분한 시간과 노력을 들이면 정복할 수 있다는 생각으로 업무 시간이 끝나면 회사에 남아 부족한 지식을 채워갔습니다. 기존 코드를 클론 코딩하면서 전체 코드의 흐름과 개발 툴을 익혀갔고, 자료구조도 틈틈이 공부하며 더 효율적인 코드가 뭔지 생각하고 또 생각하며 프로젝트를 완성하였습니다. 또한, 프론트엔드 개발 경험이 많은 동료와 선배님에게 적극적으로 도움을 요청하였습니다. 그 결과 큰 규모의 외주 프로젝트를 성공적으로 마무리하여 후속 프로젝트도 계약하는 성과를 이룰 수 있었습니다.
이를 통해 새로운 영역에 대한 두려움을 버리고 뒤처진 만큼 더 시간을 들이고 노력한다면 불가능은 없다는 것을 느꼈습니다.","처음 프로그램 개발에 도전하는 과정에서 어떤 어려움을 겪으셨나요? 그 어려움을 극복하기 위해 어떤 노력을 기울였으며, 어떤 도움을 받았나요?"
"AI 스타트업 인턴 당시, AI 소프트웨어 개발 업무를 직접 진행하면서 처음으로 프로그램 개발에 도전했던 경험이 있습니다.
응용 프로그램 개발을 하면서 CS 지식의 부족함과 프로그래밍 언어 활용의 미숙함으로 고민이 많았습니다. 하지만 새로운 분야는 충분한 시간과 노력을 들이면 정복할 수 있다는 생각으로 업무 시간이 끝나면 회사에 남아 부족한 지식을 채워갔습니다. 기존 코드를 클론 코딩하면서 전체 코드의 흐름과 개발 툴을 익혀갔고, 자료구조도 틈틈이 공부하며 더 효율적인 코드가 뭔지 생각하고 또 생각하며 프로젝트를 완성하였습니다. 또한, 프론트엔드 개발 경험이 많은 동료와 선배님에게 적극적으로 도움을 요청하였습니다. 그 결과 큰 규모의 외주 프로젝트를 성공적으로 마무리하여 후속 프로젝트도 계약하는 성과를 이룰 수 있었습니다.
이를 통해 새로운 영역에 대한 두려움을 버리고 뒤처진 만큼 더 시간을 들이고 노력한다면 불가능은 없다는 것을 느꼈습니다.",새로운 영역에 도전하는데 두려움을 버리고 노력한다면 불가능은 없다고 느낀 경험에 대해 더 자세히 설명해주세요. 이러한 경험이 앞으로의 경력과 업무 수행에 어떤 긍정적인 영향을 미칠 것이라고 생각하시나요?
"AI 스타트업 인턴 당시, AI 소프트웨어 개발 업무를 직접 진행하면서 처음으로 프로그램 개발에 도전했던 경험이 있습니다.
응용 프로그램 개발을 하면서 CS 지식의 부족함과 프로그래밍 언어 활용의 미숙함으로 고민이 많았습니다. 하지만 새로운 분야는 충분한 시간과 노력을 들이면 정복할 수 있다는 생각으로 업무 시간이 끝나면 회사에 남아 부족한 지식을 채워갔습니다. 기존 코드를 클론 코딩하면서 전체 코드의 흐름과 개발 툴을 익혀갔고, 자료구조도 틈틈이 공부하며 더 효율적인 코드가 뭔지 생각하고 또 생각하며 프로젝트를 완성하였습니다. 또한, 프론트엔드 개발 경험이 많은 동료와 선배님에게 적극적으로 도움을 요청하였습니다. 그 결과 큰 규모의 외주 프로젝트를 성공적으로 마무리하여 후속 프로젝트도 계약하는 성과를 이룰 수 있었습니다.
이를 통해 새로운 영역에 대한 두려움을 버리고 뒤처진 만큼 더 시간을 들이고 노력한다면 불가능은 없다는 것을 느꼈습니다.","새로운 분야에 도전하면서 얻은 극복 경험과 성과를 바탕으로, 미래에 어떤 분야에서 더 도전하고 싶으며 어떤 분야에서 더 성장하고자 하시나요? 이를 위해 어떤 계획이 있으신가요?"
"맞춤형 금융상품 추천 서비스를 통해 고객에게 더 편리한 금융 경험을 제공하고자 하는 NH농협은행의 방향에 개인화 추천 모델 개발 경험이 부합한다고 생각하여 지원하게 되었습니다. 저는 전자상거래 데이터를 분석한 개인화 추천 모델 개발로 대회에서 최우수상을 받은 경험이 있습니다. 데이터 가공에서부터 고객에게 상품을 추천하기까지 모든 과정을 설계하고, 딥러닝을 활용하여 기존 모델보다 더 높은 정확도를 달성하였습니다. 이러한 역량을 통해 빅데이터 실시간 상품추천 모형 개발을 통해 차별화된 개인화 마케팅으로 고객에게 더 편리한 금융 경험을 제공하고자 하는 NH농협은행의 행보와 함께하고 싶어 지원하였습니다.
입행 후, 실시간으로 수집된 데이터를 활용하여 고객 맞춤형 금융 서비스를 제공하고 싶습니다. 카드데이터, NH멤버스데이터, 마이데이터, 비대면 로드 데이터 등등 다양한 데이터를 활용하여 높은 정확도의 초개인화 맞춤 금융상품 추천 서비스를 개발하는 데 기여하고 싶습니다. 더 나아가 농업에 도움이 되는 다양한 디지털 서비스를 개발하는 사업에 참여하여 농촌, 농업을 위한 움직임에 앞장서는 NH농협은행의 한 일원이 되고 싶습니다.","전자상거래 데이터를 분석하여 개인화 추천 모델을 개발한 경험에 대해 더 자세히 설명해주세요. 어떤 종류의 데이터를 사용하였고, 어떤 알고리즘과 기술을 활용하여 모델을 개발하였나요?"
"맞춤형 금융상품 추천 서비스를 통해 고객에게 더 편리한 금융 경험을 제공하고자 하는 NH농협은행의 방향에 개인화 추천 모델 개발 경험이 부합한다고 생각하여 지원하게 되었습니다. 저는 전자상거래 데이터를 분석한 개인화 추천 모델 개발로 대회에서 최우수상을 받은 경험이 있습니다. 데이터 가공에서부터 고객에게 상품을 추천하기까지 모든 과정을 설계하고, 딥러닝을 활용하여 기존 모델보다 더 높은 정확도를 달성하였습니다. 이러한 역량을 통해 빅데이터 실시간 상품추천 모형 개발을 통해 차별화된 개인화 마케팅으로 고객에게 더 편리한 금융 경험을 제공하고자 하는 NH농협은행의 행보와 함께하고 싶어 지원하였습니다.
입행 후, 실시간으로 수집된 데이터를 활용하여 고객 맞춤형 금융 서비스를 제공하고 싶습니다. 카드데이터, NH멤버스데이터, 마이데이터, 비대면 로드 데이터 등등 다양한 데이터를 활용하여 높은 정확도의 초개인화 맞춤 금융상품 추천 서비스를 개발하는 데 기여하고 싶습니다. 더 나아가 농업에 도움이 되는 다양한 디지털 서비스를 개발하는 사업에 참여하여 농촌, 농업을 위한 움직임에 앞장서는 NH농협은행의 한 일원이 되고 싶습니다.",개인화 추천 모델을 개발하는 과정에서 어떤 어려움과 도전에 직면하였나요? 그러한 어려움을 어떻게 극복하고 해결하였나요?
"맞춤형 금융상품 추천 서비스를 통해 고객에게 더 편리한 금융 경험을 제공하고자 하는 NH농협은행의 방향에 개인화 추천 모델 개발 경험이 부합한다고 생각하여 지원하게 되었습니다. 저는 전자상거래 데이터를 분석한 개인화 추천 모델 개발로 대회에서 최우수상을 받은 경험이 있습니다. 데이터 가공에서부터 고객에게 상품을 추천하기까지 모든 과정을 설계하고, 딥러닝을 활용하여 기존 모델보다 더 높은 정확도를 달성하였습니다. 이러한 역량을 통해 빅데이터 실시간 상품추천 모형 개발을 통해 차별화된 개인화 마케팅으로 고객에게 더 편리한 금융 경험을 제공하고자 하는 NH농협은행의 행보와 함께하고 싶어 지원하였습니다.
입행 후, 실시간으로 수집된 데이터를 활용하여 고객 맞춤형 금융 서비스를 제공하고 싶습니다. 카드데이터, NH멤버스데이터, 마이데이터, 비대면 로드 데이터 등등 다양한 데이터를 활용하여 높은 정확도의 초개인화 맞춤 금융상품 추천 서비스를 개발하는 데 기여하고 싶습니다. 더 나아가 농업에 도움이 되는 다양한 디지털 서비스를 개발하는 사업에 참여하여 농촌, 농업을 위한 움직임에 앞장서는 NH농협은행의 한 일원이 되고 싶습니다.",NH농협은행에서는 빅데이터 실시간 상품추천 모형 개발을 통해 차별화된 개인화 마케팅을 추구하고 있습니다. 이러한 목표를 달성하기 위해 어떤 아이디어나 계획을 갖고 계십니까?
"맞춤형 금융상품 추천 서비스를 통해 고객에게 더 편리한 금융 경험을 제공하고자 하는 NH농협은행의 방향에 개인화 추천 모델 개발 경험이 부합한다고 생각하여 지원하게 되었습니다. 저는 전자상거래 데이터를 분석한 개인화 추천 모델 개발로 대회에서 최우수상을 받은 경험이 있습니다. 데이터 가공에서부터 고객에게 상품을 추천하기까지 모든 과정을 설계하고, 딥러닝을 활용하여 기존 모델보다 더 높은 정확도를 달성하였습니다. 이러한 역량을 통해 빅데이터 실시간 상품추천 모형 개발을 통해 차별화된 개인화 마케팅으로 고객에게 더 편리한 금융 경험을 제공하고자 하는 NH농협은행의 행보와 함께하고 싶어 지원하였습니다.
입행 후, 실시간으로 수집된 데이터를 활용하여 고객 맞춤형 금융 서비스를 제공하고 싶습니다. 카드데이터, NH멤버스데이터, 마이데이터, 비대면 로드 데이터 등등 다양한 데이터를 활용하여 높은 정확도의 초개인화 맞춤 금융상품 추천 서비스를 개발하는 데 기여하고 싶습니다. 더 나아가 농업에 도움이 되는 다양한 디지털 서비스를 개발하는 사업에 참여하여 농촌, 농업을 위한 움직임에 앞장서는 NH농협은행의 한 일원이 되고 싶습니다.","NH농협은행의 농촌과 농업을 위한 디지털 서비스 개발에 참여하고 싶다고 말씀하셨는데, 농촌과 농업 분야에서 어떤 서비스를 개발하고 싶으며, 이를 통해 어떤 긍정적인 영향을 농업 현장에 가져다줄 수 있다고 생각하십니까?"
"맞춤형 금융상품 추천 서비스를 통해 고객에게 더 편리한 금융 경험을 제공하고자 하는 NH농협은행의 방향에 개인화 추천 모델 개발 경험이 부합한다고 생각하여 지원하게 되었습니다. 저는 전자상거래 데이터를 분석한 개인화 추천 모델 개발로 대회에서 최우수상을 받은 경험이 있습니다. 데이터 가공에서부터 고객에게 상품을 추천하기까지 모든 과정을 설계하고, 딥러닝을 활용하여 기존 모델보다 더 높은 정확도를 달성하였습니다. 이러한 역량을 통해 빅데이터 실시간 상품추천 모형 개발을 통해 차별화된 개인화 마케팅으로 고객에게 더 편리한 금융 경험을 제공하고자 하는 NH농협은행의 행보와 함께하고 싶어 지원하였습니다.
입행 후, 실시간으로 수집된 데이터를 활용하여 고객 맞춤형 금융 서비스를 제공하고 싶습니다. 카드데이터, NH멤버스데이터, 마이데이터, 비대면 로드 데이터 등등 다양한 데이터를 활용하여 높은 정확도의 초개인화 맞춤 금융상품 추천 서비스를 개발하는 데 기여하고 싶습니다. 더 나아가 농업에 도움이 되는 다양한 디지털 서비스를 개발하는 사업에 참여하여 농촌, 농업을 위한 움직임에 앞장서는 NH농협은행의 한 일원이 되고 싶습니다.","입행 후, NH농협은행에서 실시간으로 수집된 데이터를 활용하여 고객 맞춤형 금융 서비스를 개발하고 싶다고 말씀하셨는데, 어떤 방식으로 그런 개인화 서비스를 구현하고 제공하고자 하시나요?"
"코로나 19로 한국 식량 안보의 취약함이 대중적으로 알려진 계기가 됐습니다. 하지만 그에 비해 농업에 관한 관심은 점점 줄어들고 있습니다. 현재 NH농협은행은 근본적으로 문제 되고 있는 국내산 농작물의 소비 부진과 관심 부족을 해결하기 위한 많은 노력을 하고 있습니다. 식량 위기를 극복하고 지속 가능한 생태계를 조성하기 위해 활발한 소비 촉진 캠페인과 스마트 팜 사업을 진행하고 있습니다. 또한, 금융서비스의 디지털화로 지역의 점포 폐쇄 가속화가 진행 중인 가운데 NH농협은행은 되려 점포 수가 늘어나고 있습니다. 일반 시중은행과 달리 농촌·농민을 위한 농협의 정체성을 지키기 위함입니다. 이런 NH 농협은행의 행보는 농업인을 위해 일한다는 농협의 근간에 맞는 사업방향이라고 생각합니다. 또한, 농가를 위한 꾸준한 사업추진은 다양한 연령대의 국민의 관심을 이끌어 시들어가는 농업에 관한 관심과 소비를 촉진할 수 있다고 생각합니다.
입행 후, 기상예측 시스템을 활용한 선제적인 대처로 농가에 피해를 최소화하는 서비스를 제공하겠습니다. 최근 기후 위기로 농작물의 수확량이 현저히 줄고 있습니다. 미래의 기후 위험에 대비해 예측 시스템을 도입하여 더욱 정교한 예측이 가능하다면 피해를 훨씬 줄일 수 있을 것입니다.",NH농협은행이 국내산 농작물의 소비 부진과 관심 부족을 해결하기 위해 어떤 종류의 활발한 소비 촉진 캠페인과 스마트 팜 사업을 진행하고 있는지 자세히 설명해주세요.
"코로나 19로 한국 식량 안보의 취약함이 대중적으로 알려진 계기가 됐습니다. 하지만 그에 비해 농업에 관한 관심은 점점 줄어들고 있습니다. 현재 NH농협은행은 근본적으로 문제 되고 있는 국내산 농작물의 소비 부진과 관심 부족을 해결하기 위한 많은 노력을 하고 있습니다. 식량 위기를 극복하고 지속 가능한 생태계를 조성하기 위해 활발한 소비 촉진 캠페인과 스마트 팜 사업을 진행하고 있습니다. 또한, 금융서비스의 디지털화로 지역의 점포 폐쇄 가속화가 진행 중인 가운데 NH농협은행은 되려 점포 수가 늘어나고 있습니다. 일반 시중은행과 달리 농촌·농민을 위한 농협의 정체성을 지키기 위함입니다. 이런 NH 농협은행의 행보는 농업인을 위해 일한다는 농협의 근간에 맞는 사업방향이라고 생각합니다. 또한, 농가를 위한 꾸준한 사업추진은 다양한 연령대의 국민의 관심을 이끌어 시들어가는 농업에 관한 관심과 소비를 촉진할 수 있다고 생각합니다.
입행 후, 기상예측 시스템을 활용한 선제적인 대처로 농가에 피해를 최소화하는 서비스를 제공하겠습니다. 최근 기후 위기로 농작물의 수확량이 현저히 줄고 있습니다. 미래의 기후 위험에 대비해 예측 시스템을 도입하여 더욱 정교한 예측이 가능하다면 피해를 훨씬 줄일 수 있을 것입니다.","금융서비스의 디지털화로 인한 점포 폐쇄 가속화가 진행 중인 가운데, NH농협은행은 왜 점포 수를 늘려가고 있으며, 이러한 농협의 정체성을 유지하는 것의 중요성은 무엇인지 생각하시나요?"
"코로나 19로 한국 식량 안보의 취약함이 대중적으로 알려진 계기가 됐습니다. 하지만 그에 비해 농업에 관한 관심은 점점 줄어들고 있습니다. 현재 NH농협은행은 근본적으로 문제 되고 있는 국내산 농작물의 소비 부진과 관심 부족을 해결하기 위한 많은 노력을 하고 있습니다. 식량 위기를 극복하고 지속 가능한 생태계를 조성하기 위해 활발한 소비 촉진 캠페인과 스마트 팜 사업을 진행하고 있습니다. 또한, 금융서비스의 디지털화로 지역의 점포 폐쇄 가속화가 진행 중인 가운데 NH농협은행은 되려 점포 수가 늘어나고 있습니다. 일반 시중은행과 달리 농촌·농민을 위한 농협의 정체성을 지키기 위함입니다. 이런 NH 농협은행의 행보는 농업인을 위해 일한다는 농협의 근간에 맞는 사업방향이라고 생각합니다. 또한, 농가를 위한 꾸준한 사업추진은 다양한 연령대의 국민의 관심을 이끌어 시들어가는 농업에 관한 관심과 소비를 촉진할 수 있다고 생각합니다.
입행 후, 기상예측 시스템을 활용한 선제적인 대처로 농가에 피해를 최소화하는 서비스를 제공하겠습니다. 최근 기후 위기로 농작물의 수확량이 현저히 줄고 있습니다. 미래의 기후 위험에 대비해 예측 시스템을 도입하여 더욱 정교한 예측이 가능하다면 피해를 훨씬 줄일 수 있을 것입니다.",농업 분야에서 더 많은 국민의 관심과 소비를 촉진하기 위해 NH농협은행이 어떤 추가적인 노력이나 사업 방향을 고려해볼 수 있을까요?
"코로나 19로 한국 식량 안보의 취약함이 대중적으로 알려진 계기가 됐습니다. 하지만 그에 비해 농업에 관한 관심은 점점 줄어들고 있습니다. 현재 NH농협은행은 근본적으로 문제 되고 있는 국내산 농작물의 소비 부진과 관심 부족을 해결하기 위한 많은 노력을 하고 있습니다. 식량 위기를 극복하고 지속 가능한 생태계를 조성하기 위해 활발한 소비 촉진 캠페인과 스마트 팜 사업을 진행하고 있습니다. 또한, 금융서비스의 디지털화로 지역의 점포 폐쇄 가속화가 진행 중인 가운데 NH농협은행은 되려 점포 수가 늘어나고 있습니다. 일반 시중은행과 달리 농촌·농민을 위한 농협의 정체성을 지키기 위함입니다. 이런 NH 농협은행의 행보는 농업인을 위해 일한다는 농협의 근간에 맞는 사업방향이라고 생각합니다. 또한, 농가를 위한 꾸준한 사업추진은 다양한 연령대의 국민의 관심을 이끌어 시들어가는 농업에 관한 관심과 소비를 촉진할 수 있다고 생각합니다.
입행 후, 기상예측 시스템을 활용한 선제적인 대처로 농가에 피해를 최소화하는 서비스를 제공하겠습니다. 최근 기후 위기로 농작물의 수확량이 현저히 줄고 있습니다. 미래의 기후 위험에 대비해 예측 시스템을 도입하여 더욱 정교한 예측이 가능하다면 피해를 훨씬 줄일 수 있을 것입니다.","기상예측 시스템을 활용한 선제적인 대처로 농가에 피해를 최소화하는 서비스를 제공한다고 말씀하셨는데, 기상예측 시스템을 도입하는 데에는 어떤 기술과 기능이 필요하며, 이를 통해 어떤 혜택이 농가에 주어질 수 있는지 설명해주세요."
"코로나 19로 한국 식량 안보의 취약함이 대중적으로 알려진 계기가 됐습니다. 하지만 그에 비해 농업에 관한 관심은 점점 줄어들고 있습니다. 현재 NH농협은행은 근본적으로 문제 되고 있는 국내산 농작물의 소비 부진과 관심 부족을 해결하기 위한 많은 노력을 하고 있습니다. 식량 위기를 극복하고 지속 가능한 생태계를 조성하기 위해 활발한 소비 촉진 캠페인과 스마트 팜 사업을 진행하고 있습니다. 또한, 금융서비스의 디지털화로 지역의 점포 폐쇄 가속화가 진행 중인 가운데 NH농협은행은 되려 점포 수가 늘어나고 있습니다. 일반 시중은행과 달리 농촌·농민을 위한 농협의 정체성을 지키기 위함입니다. 이런 NH 농협은행의 행보는 농업인을 위해 일한다는 농협의 근간에 맞는 사업방향이라고 생각합니다. 또한, 농가를 위한 꾸준한 사업추진은 다양한 연령대의 국민의 관심을 이끌어 시들어가는 농업에 관한 관심과 소비를 촉진할 수 있다고 생각합니다.
입행 후, 기상예측 시스템을 활용한 선제적인 대처로 농가에 피해를 최소화하는 서비스를 제공하겠습니다. 최근 기후 위기로 농작물의 수확량이 현저히 줄고 있습니다. 미래의 기후 위험에 대비해 예측 시스템을 도입하여 더욱 정교한 예측이 가능하다면 피해를 훨씬 줄일 수 있을 것입니다.","미래의 기후 위험에 대비하여 더욱 정교한 예측을 하는 데에는 어떤 연구나 기술적인 도전이 있을 수 있으며, 이를 해결하기 위해 어떤 노력을 기울일 수 있을까요?"
